fold,model,roc_auc,pr_auc,accuracy,precision,recall,f1,dataset,group,group_label,n_meta_features,seed
1,Logistic Regression,0.9989,0.9976,0.9952,0.995,0.9955,0.9953,Taxi,all,all,36,42
1,Random Forest,0.9969,0.9968,0.9812,0.9883,0.974,0.9811,Taxi,all,all,36,42
1,MLP,0.9987,0.9975,0.9885,0.988,0.989,0.9885,Taxi,all,all,36,42
2,Logistic Regression,0.9964,0.9944,0.9868,0.9803,0.9935,0.9868,Taxi,all,all,36,42
2,Random Forest,0.9937,0.9935,0.9745,0.9774,0.9715,0.9744,Taxi,all,all,36,42
2,MLP,0.996,0.9959,0.9575,0.9316,0.9875,0.9587,Taxi,all,all,36,42
3,Logistic Regression,0.9979,0.9975,0.9918,0.9881,0.9955,0.9918,Taxi,all,all,36,42
3,Random Forest,0.9958,0.9952,0.976,0.9803,0.9715,0.9759,Taxi,all,all,36,42
3,MLP,0.9981,0.9976,0.9838,0.9778,0.99,0.9839,Taxi,all,all,36,42
4,Logistic Regression,0.9973,0.9957,0.9938,0.9891,0.9985,0.9938,Taxi,all,all,36,42
4,Random Forest,0.9959,0.9943,0.984,0.9816,0.9865,0.984,Taxi,all,all,36,42
4,MLP,0.9967,0.9937,0.9868,0.9793,0.9945,0.9869,Taxi,all,all,36,42
5,Logistic Regression,0.9996,0.9996,0.992,0.9896,0.9945,0.992,Taxi,all,all,36,42
5,Random Forest,0.9962,0.9968,0.977,0.9813,0.9725,0.9769,Taxi,all,all,36,42
5,MLP,0.9982,0.9983,0.974,0.9575,0.992,0.9745,Taxi,all,all,36,42
1,Logistic Regression,0.9973,0.9964,0.989,0.9895,0.9885,0.989,Taxi,point_based,Point-based,8,42
1,Random Forest,0.9965,0.9956,0.984,0.9879,0.98,0.9839,Taxi,point_based,Point-based,8,42
1,MLP,0.9975,0.996,0.989,0.9846,0.9935,0.989,Taxi,point_based,Point-based,8,42
2,Logistic Regression,0.9954,0.9926,0.9802,0.9757,0.985,0.9803,Taxi,point_based,Point-based,8,42
2,Random Forest,0.9947,0.9937,0.9795,0.9819,0.977,0.9794,Taxi,point_based,Point-based,8,42
2,MLP,0.9962,0.994,0.9795,0.9724,0.987,0.9797,Taxi,point_based,Point-based,8,42
3,Logistic Regression,0.9977,0.9971,0.9882,0.9861,0.9905,0.9883,Taxi,point_based,Point-based,8,42
3,Random Forest,0.9963,0.9951,0.9842,0.9869,0.9815,0.9842,Taxi,point_based,Point-based,8,42
3,MLP,0.9973,0.9952,0.9858,0.9793,0.9925,0.9858,Taxi,point_based,Point-based,8,42
4,Logistic Regression,0.997,0.9954,0.9878,0.9851,0.9905,0.9878,Taxi,point_based,Point-based,8,42
4,Random Forest,0.9962,0.9945,0.9852,0.9865,0.984,0.9852,Taxi,point_based,Point-based,8,42
4,MLP,0.9966,0.9936,0.9868,0.9812,0.9925,0.9868,Taxi,point_based,Point-based,8,42
5,Logistic Regression,0.9974,0.9974,0.983,0.9849,0.981,0.983,Taxi,point_based,Point-based,8,42
5,Random Forest,0.9966,0.9971,0.9815,0.9888,0.974,0.9814,Taxi,point_based,Point-based,8,42
5,MLP,0.9983,0.9979,0.985,0.9797,0.9905,0.9851,Taxi,point_based,Point-based,8,42
1,Logistic Regression,0.7622,0.7674,0.69,0.6927,0.683,0.6878,Taxi,marginal_statistical,Marginal statistical,7,42
1,Random Forest,0.7564,0.7512,0.681,0.6926,0.651,0.6711,Taxi,marginal_statistical,Marginal statistical,7,42
1,MLP,0.7304,0.741,0.6635,0.6698,0.645,0.6572,Taxi,marginal_statistical,Marginal statistical,7,42
2,Logistic Regression,0.7651,0.7581,0.7035,0.7062,0.697,0.7016,Taxi,marginal_statistical,Marginal statistical,7,42
2,Random Forest,0.7437,0.7357,0.6815,0.6867,0.6675,0.677,Taxi,marginal_statistical,Marginal statistical,7,42
2,MLP,0.7156,0.7128,0.6577,0.6597,0.6515,0.6556,Taxi,marginal_statistical,Marginal statistical,7,42
3,Logistic Regression,0.7799,0.7827,0.707,0.7074,0.706,0.7067,Taxi,marginal_statistical,Marginal statistical,7,42
3,Random Forest,0.7665,0.7587,0.6973,0.6912,0.713,0.7019,Taxi,marginal_statistical,Marginal statistical,7,42
3,MLP,0.7417,0.7525,0.6717,0.6681,0.6825,0.6752,Taxi,marginal_statistical,Marginal statistical,7,42
4,Logistic Regression,0.7509,0.7422,0.684,0.6957,0.654,0.6742,Taxi,marginal_statistical,Marginal statistical,7,42
4,Random Forest,0.7375,0.7258,0.6813,0.6929,0.651,0.6713,Taxi,marginal_statistical,Marginal statistical,7,42
4,MLP,0.7118,0.7139,0.6492,0.6665,0.5975,0.6301,Taxi,marginal_statistical,Marginal statistical,7,42
5,Logistic Regression,0.7786,0.7692,0.709,0.7115,0.703,0.7072,Taxi,marginal_statistical,Marginal statistical,7,42
5,Random Forest,0.7705,0.7617,0.7077,0.7112,0.6995,0.7053,Taxi,marginal_statistical,Marginal statistical,7,42
5,MLP,0.7492,0.7465,0.685,0.6882,0.6765,0.6823,Taxi,marginal_statistical,Marginal statistical,7,42
1,Logistic Regression,0.7373,0.7414,0.6757,0.6818,0.659,0.6702,Taxi,marginal_informational,Marginal informational,5,42
1,Random Forest,0.7545,0.7551,0.6815,0.6941,0.649,0.6708,Taxi,marginal_informational,Marginal informational,5,42
1,MLP,0.7175,0.7241,0.647,0.6617,0.6015,0.6302,Taxi,marginal_informational,Marginal informational,5,42
2,Logistic Regression,0.7409,0.7311,0.6793,0.681,0.6745,0.6777,Taxi,marginal_informational,Marginal informational,5,42
2,Random Forest,0.7452,0.7437,0.6893,0.6916,0.683,0.6873,Taxi,marginal_informational,Marginal informational,5,42
2,MLP,0.7152,0.7201,0.651,0.6568,0.6325,0.6444,Taxi,marginal_informational,Marginal informational,5,42
3,Logistic Regression,0.7656,0.7693,0.6987,0.6967,0.704,0.7003,Taxi,marginal_informational,Marginal informational,5,42
3,Random Forest,0.7722,0.7706,0.7057,0.6999,0.7205,0.71,Taxi,marginal_informational,Marginal informational,5,42
3,MLP,0.7204,0.7366,0.6522,0.6451,0.677,0.6606,Taxi,marginal_informational,Marginal informational,5,42
4,Logistic Regression,0.7212,0.7086,0.6685,0.6779,0.642,0.6595,Taxi,marginal_informational,Marginal informational,5,42
4,Random Forest,0.7433,0.7316,0.6775,0.69,0.6445,0.6665,Taxi,marginal_informational,Marginal informational,5,42
4,MLP,0.7101,0.6962,0.6518,0.6605,0.6245,0.642,Taxi,marginal_informational,Marginal informational,5,42
5,Logistic Regression,0.7535,0.7472,0.691,0.6951,0.6805,0.6877,Taxi,marginal_informational,Marginal informational,5,42
5,Random Forest,0.769,0.7602,0.7083,0.7141,0.6945,0.7042,Taxi,marginal_informational,Marginal informational,5,42
5,MLP,0.7098,0.7009,0.6538,0.6581,0.64,0.6489,Taxi,marginal_informational,Marginal informational,5,42
1,Logistic Regression,0.8483,0.8563,0.7632,0.7727,0.746,0.7591,Taxi,interaction_statistical,Interaction statistical,6,42
1,Random Forest,0.9128,0.914,0.8295,0.8447,0.8075,0.8257,Taxi,interaction_statistical,Interaction statistical,6,42
1,MLP,0.9222,0.9259,0.841,0.8229,0.869,0.8453,Taxi,interaction_statistical,Interaction statistical,6,42
2,Logistic Regression,0.8306,0.8269,0.7482,0.7555,0.734,0.7446,Taxi,interaction_statistical,Interaction statistical,6,42
2,Random Forest,0.9,0.8991,0.8103,0.8197,0.7955,0.8074,Taxi,interaction_statistical,Interaction statistical,6,42
2,MLP,0.9304,0.93,0.8498,0.8471,0.8535,0.8503,Taxi,interaction_statistical,Interaction statistical,6,42
3,Logistic Regression,0.8275,0.8325,0.744,0.7477,0.7365,0.7421,Taxi,interaction_statistical,Interaction statistical,6,42
3,Random Forest,0.9086,0.9101,0.8263,0.8277,0.824,0.8259,Taxi,interaction_statistical,Interaction statistical,6,42
3,MLP,0.9245,0.9297,0.8367,0.8319,0.844,0.8379,Taxi,interaction_statistical,Interaction statistical,6,42
4,Logistic Regression,0.8277,0.826,0.7405,0.7513,0.719,0.7348,Taxi,interaction_statistical,Interaction statistical,6,42
4,Random Forest,0.9081,0.905,0.8223,0.8355,0.8025,0.8187,Taxi,interaction_statistical,Interaction statistical,6,42
4,MLP,0.923,0.9259,0.8455,0.8452,0.846,0.8456,Taxi,interaction_statistical,Interaction statistical,6,42
5,Logistic Regression,0.8355,0.8394,0.7505,0.7577,0.7365,0.747,Taxi,interaction_statistical,Interaction statistical,6,42
5,Random Forest,0.9038,0.9028,0.824,0.8337,0.8095,0.8214,Taxi,interaction_statistical,Interaction statistical,6,42
5,MLP,0.906,0.9131,0.8247,0.8198,0.8325,0.8261,Taxi,interaction_statistical,Interaction statistical,6,42
1,Logistic Regression,0.7297,0.7401,0.665,0.6795,0.6245,0.6509,Taxi,interaction_informational,Interaction informational,5,42
1,Random Forest,0.7536,0.7514,0.6805,0.6945,0.6445,0.6686,Taxi,interaction_informational,Interaction informational,5,42
1,MLP,0.7452,0.7504,0.6803,0.6719,0.7045,0.6878,Taxi,interaction_informational,Interaction informational,5,42
2,Logistic Regression,0.7188,0.7198,0.6562,0.6683,0.6205,0.6435,Taxi,interaction_informational,Interaction informational,5,42
2,Random Forest,0.744,0.7415,0.6827,0.6907,0.662,0.676,Taxi,interaction_informational,Interaction informational,5,42
2,MLP,0.709,0.7134,0.654,0.6563,0.6465,0.6514,Taxi,interaction_informational,Interaction informational,5,42
3,Logistic Regression,0.769,0.7737,0.693,0.6932,0.6925,0.6928,Taxi,interaction_informational,Interaction informational,5,42
3,Random Forest,0.7694,0.767,0.7017,0.6977,0.712,0.7048,Taxi,interaction_informational,Interaction informational,5,42
3,MLP,0.7293,0.7372,0.6677,0.6665,0.6715,0.669,Taxi,interaction_informational,Interaction informational,5,42
4,Logistic Regression,0.7004,0.7095,0.637,0.6509,0.591,0.6195,Taxi,interaction_informational,Interaction informational,5,42
4,Random Forest,0.741,0.7271,0.6745,0.6868,0.6415,0.6634,Taxi,interaction_informational,Interaction informational,5,42
4,MLP,0.7121,0.7055,0.652,0.6442,0.679,0.6611,Taxi,interaction_informational,Interaction informational,5,42
5,Logistic Regression,0.769,0.7636,0.698,0.7086,0.6725,0.6901,Taxi,interaction_informational,Interaction informational,5,42
5,Random Forest,0.7721,0.7669,0.7015,0.7071,0.688,0.6974,Taxi,interaction_informational,Interaction informational,5,42
5,MLP,0.7243,0.7166,0.6663,0.6724,0.6485,0.6602,Taxi,interaction_informational,Interaction informational,5,42
1,Logistic Regression,0.8019,0.8265,0.726,0.7783,0.632,0.6976,Taxi,base,Base,5,42
1,Random Forest,0.8308,0.8429,0.7545,0.7685,0.7285,0.7479,Taxi,base,Base,5,42
1,MLP,0.8328,0.8625,0.749,0.7575,0.7325,0.7448,Taxi,base,Base,5,42
2,Logistic Regression,0.7676,0.781,0.7065,0.7714,0.587,0.6667,Taxi,base,Base,5,42
2,Random Forest,0.8068,0.8146,0.7348,0.7431,0.7175,0.7301,Taxi,base,Base,5,42
2,MLP,0.811,0.8405,0.7328,0.7593,0.6815,0.7183,Taxi,base,Base,5,42
3,Logistic Regression,0.7898,0.804,0.7235,0.8028,0.5925,0.6818,Taxi,base,Base,5,42
3,Random Forest,0.8441,0.8514,0.7662,0.776,0.7485,0.762,Taxi,base,Base,5,42
3,MLP,0.8296,0.861,0.7452,0.7608,0.7155,0.7374,Taxi,base,Base,5,42
4,Logistic Regression,0.8045,0.8181,0.7352,0.7812,0.6535,0.7117,Taxi,base,Base,5,42
4,Random Forest,0.8457,0.8528,0.7728,0.781,0.758,0.7693,Taxi,base,Base,5,42
4,MLP,0.8322,0.8625,0.758,0.7845,0.7115,0.7462,Taxi,base,Base,5,42
5,Logistic Regression,0.8023,0.8168,0.735,0.7986,0.6285,0.7034,Taxi,base,Base,5,42
5,Random Forest,0.8568,0.864,0.7895,0.7994,0.773,0.786,Taxi,base,Base,5,42
5,MLP,0.8473,0.8765,0.7688,0.791,0.7305,0.7596,Taxi,base,Base,5,42
1,Logistic Regression,0.9694,0.9611,0.912,0.8824,0.9511,0.9154,Electricity,all,all,36,42
1,Random Forest,0.9765,0.972,0.9163,0.8847,0.9576,0.9197,Electricity,all,all,36,42
1,MLP,0.9715,0.9634,0.9163,0.8938,0.9451,0.9187,Electricity,all,all,36,42
2,Logistic Regression,0.9696,0.9606,0.9127,0.8787,0.9581,0.9166,Electricity,all,all,36,42
2,Random Forest,0.9747,0.968,0.914,0.8789,0.9606,0.9179,Electricity,all,all,36,42
2,MLP,0.969,0.961,0.9167,0.8957,0.9436,0.919,Electricity,all,all,36,42
3,Logistic Regression,0.9723,0.9644,0.9107,0.8796,0.9521,0.9144,Electricity,all,all,36,42
3,Random Forest,0.9779,0.9742,0.917,0.881,0.9646,0.9209,Electricity,all,all,36,42
3,MLP,0.972,0.966,0.9095,0.8772,0.9526,0.9134,Electricity,all,all,36,42
4,Logistic Regression,0.9715,0.961,0.9145,0.8879,0.9491,0.9175,Electricity,all,all,36,42
4,Random Forest,0.9783,0.9743,0.923,0.89,0.9656,0.9262,Electricity,all,all,36,42
4,MLP,0.9727,0.9636,0.9225,0.906,0.9431,0.9242,Electricity,all,all,36,42
5,Logistic Regression,0.9674,0.9633,0.9062,0.8764,0.9461,0.9099,Electricity,all,all,36,42
5,Random Forest,0.9754,0.9715,0.914,0.8813,0.957,0.9176,Electricity,all,all,36,42
5,MLP,0.968,0.9606,0.9142,0.8864,0.9505,0.9173,Electricity,all,all,36,42
1,Logistic Regression,0.9652,0.9568,0.9093,0.8786,0.9501,0.9129,Electricity,point_based,Point-based,8,42
1,Random Forest,0.9752,0.9703,0.914,0.8793,0.9601,0.9179,Electricity,point_based,Point-based,8,42
1,MLP,0.9632,0.9516,0.9138,0.887,0.9486,0.9168,Electricity,point_based,Point-based,8,42
2,Logistic Regression,0.9655,0.9556,0.9022,0.8711,0.9446,0.9063,Electricity,point_based,Point-based,8,42
2,Random Forest,0.9722,0.9648,0.912,0.8724,0.9656,0.9166,Electricity,point_based,Point-based,8,42
2,MLP,0.9642,0.9535,0.9103,0.8676,0.9685,0.9153,Electricity,point_based,Point-based,8,42
3,Logistic Regression,0.9711,0.9674,0.905,0.8745,0.9461,0.9089,Electricity,point_based,Point-based,8,42
3,Random Forest,0.9766,0.9732,0.9103,0.8719,0.9621,0.9148,Electricity,point_based,Point-based,8,42
3,MLP,0.9717,0.9642,0.9103,0.8743,0.9586,0.9145,Electricity,point_based,Point-based,8,42
4,Logistic Regression,0.968,0.9568,0.911,0.8825,0.9486,0.9143,Electricity,point_based,Point-based,8,42
4,Random Forest,0.9737,0.9658,0.9193,0.8839,0.9656,0.9229,Electricity,point_based,Point-based,8,42
4,MLP,0.9669,0.9533,0.915,0.8802,0.9611,0.9189,Electricity,point_based,Point-based,8,42
5,Logistic Regression,0.9637,0.9563,0.901,0.8714,0.9411,0.9049,Electricity,point_based,Point-based,8,42
5,Random Forest,0.9713,0.9667,0.9127,0.8786,0.958,0.9166,Electricity,point_based,Point-based,8,42
5,MLP,0.9619,0.9531,0.903,0.8571,0.9675,0.909,Electricity,point_based,Point-based,8,42
1,Logistic Regression,0.9367,0.9203,0.8648,0.8448,0.8942,0.8688,Electricity,marginal_statistical,Marginal statistical,7,42
1,Random Forest,0.962,0.9511,0.9035,0.8878,0.9241,0.9056,Electricity,marginal_statistical,Marginal statistical,7,42
1,MLP,0.9627,0.9545,0.9033,0.8945,0.9146,0.9045,Electricity,marginal_statistical,Marginal statistical,7,42
2,Logistic Regression,0.9348,0.9211,0.866,0.8363,0.9106,0.8719,Electricity,marginal_statistical,Marginal statistical,7,42
2,Random Forest,0.9608,0.948,0.8998,0.8719,0.9376,0.9035,Electricity,marginal_statistical,Marginal statistical,7,42
2,MLP,0.9592,0.9507,0.8938,0.8711,0.9246,0.8971,Electricity,marginal_statistical,Marginal statistical,7,42
3,Logistic Regression,0.9432,0.9243,0.8952,0.8408,0.9755,0.9032,Electricity,marginal_statistical,Marginal statistical,7,42
3,Random Forest,0.9576,0.9385,0.9018,0.8878,0.9201,0.9037,Electricity,marginal_statistical,Marginal statistical,7,42
3,MLP,0.9584,0.9475,0.8935,0.8807,0.9106,0.8954,Electricity,marginal_statistical,Marginal statistical,7,42
4,Logistic Regression,0.9415,0.9194,0.878,0.8535,0.9131,0.8823,Electricity,marginal_statistical,Marginal statistical,7,42
4,Random Forest,0.9618,0.9489,0.8992,0.8854,0.9176,0.9012,Electricity,marginal_statistical,Marginal statistical,7,42
4,MLP,0.9565,0.9461,0.8932,0.8874,0.9011,0.8942,Electricity,marginal_statistical,Marginal statistical,7,42
5,Logistic Regression,0.9359,0.92,0.87,0.8437,0.9086,0.8749,Electricity,marginal_statistical,Marginal statistical,7,42
5,Random Forest,0.9581,0.944,0.8965,0.8795,0.9191,0.8989,Electricity,marginal_statistical,Marginal statistical,7,42
5,MLP,0.9584,0.9494,0.8962,0.8873,0.9081,0.8976,Electricity,marginal_statistical,Marginal statistical,7,42
1,Logistic Regression,0.9368,0.9205,0.8675,0.8466,0.8982,0.8716,Electricity,marginal_informational,Marginal informational,5,42
1,Random Forest,0.9618,0.952,0.904,0.889,0.9236,0.906,Electricity,marginal_informational,Marginal informational,5,42
1,MLP,0.9597,0.9515,0.8965,0.8885,0.9071,0.8977,Electricity,marginal_informational,Marginal informational,5,42
2,Logistic Regression,0.9321,0.9188,0.8652,0.8342,0.9121,0.8715,Electricity,marginal_informational,Marginal informational,5,42
2,Random Forest,0.961,0.9476,0.8998,0.8726,0.9366,0.9034,Electricity,marginal_informational,Marginal informational,5,42
2,MLP,0.9606,0.9522,0.8972,0.8641,0.9431,0.9019,Electricity,marginal_informational,Marginal informational,5,42
3,Logistic Regression,0.9426,0.9215,0.8925,0.8368,0.9755,0.9009,Electricity,marginal_informational,Marginal informational,5,42
3,Random Forest,0.9585,0.9408,0.9038,0.8878,0.9246,0.9058,Electricity,marginal_informational,Marginal informational,5,42
3,MLP,0.9638,0.9572,0.894,0.8861,0.9046,0.8953,Electricity,marginal_informational,Marginal informational,5,42
4,Logistic Regression,0.941,0.9209,0.877,0.8539,0.9101,0.8811,Electricity,marginal_informational,Marginal informational,5,42
4,Random Forest,0.9616,0.9491,0.901,0.8857,0.9211,0.9031,Electricity,marginal_informational,Marginal informational,5,42
4,MLP,0.9575,0.9448,0.899,0.8777,0.9276,0.9019,Electricity,marginal_informational,Marginal informational,5,42
5,Logistic Regression,0.9322,0.9134,0.8675,0.8417,0.9056,0.8725,Electricity,marginal_informational,Marginal informational,5,42
5,Random Forest,0.9582,0.9446,0.8955,0.8789,0.9176,0.8978,Electricity,marginal_informational,Marginal informational,5,42
5,MLP,0.9592,0.9518,0.8905,0.8811,0.9031,0.892,Electricity,marginal_informational,Marginal informational,5,42
1,Logistic Regression,0.9545,0.9387,0.8953,0.858,0.9476,0.9006,Electricity,interaction_statistical,Interaction statistical,6,42
1,Random Forest,0.974,0.9687,0.9158,0.8889,0.9506,0.9187,Electricity,interaction_statistical,Interaction statistical,6,42
1,MLP,0.9674,0.9585,0.9048,0.9096,0.8992,0.9043,Electricity,interaction_statistical,Interaction statistical,6,42
2,Logistic Regression,0.9598,0.9512,0.8982,0.8591,0.9531,0.9037,Electricity,interaction_statistical,Interaction statistical,6,42
2,Random Forest,0.975,0.9683,0.915,0.8812,0.9596,0.9187,Electricity,interaction_statistical,Interaction statistical,6,42
2,MLP,0.9686,0.9622,0.9083,0.9074,0.9096,0.9085,Electricity,interaction_statistical,Interaction statistical,6,42
3,Logistic Regression,0.9579,0.942,0.8972,0.855,0.9571,0.9032,Electricity,interaction_statistical,Interaction statistical,6,42
3,Random Forest,0.975,0.9685,0.9213,0.8868,0.9661,0.9247,Electricity,interaction_statistical,Interaction statistical,6,42
3,MLP,0.9665,0.9568,0.909,0.893,0.9296,0.911,Electricity,interaction_statistical,Interaction statistical,6,42
4,Logistic Regression,0.9559,0.9366,0.897,0.8647,0.9416,0.9015,Electricity,interaction_statistical,Interaction statistical,6,42
4,Random Forest,0.9745,0.9683,0.9175,0.8878,0.9561,0.9207,Electricity,interaction_statistical,Interaction statistical,6,42
4,MLP,0.9655,0.9542,0.9127,0.898,0.9316,0.9145,Electricity,interaction_statistical,Interaction statistical,6,42
5,Logistic Regression,0.9558,0.9449,0.8942,0.8571,0.9466,0.8996,Electricity,interaction_statistical,Interaction statistical,6,42
5,Random Forest,0.9745,0.9695,0.915,0.8826,0.9575,0.9185,Electricity,interaction_statistical,Interaction statistical,6,42
5,MLP,0.9683,0.9622,0.9087,0.9018,0.9176,0.9096,Electricity,interaction_statistical,Interaction statistical,6,42
1,Logistic Regression,0.9368,0.9207,0.8643,0.843,0.8957,0.8686,Electricity,interaction_informational,Interaction informational,5,42
1,Random Forest,0.9623,0.9514,0.904,0.8897,0.9226,0.9059,Electricity,interaction_informational,Interaction informational,5,42
1,MLP,0.9602,0.9489,0.902,0.8994,0.9056,0.9025,Electricity,interaction_informational,Interaction informational,5,42
2,Logistic Regression,0.9346,0.9223,0.861,0.832,0.9051,0.867,Electricity,interaction_informational,Interaction informational,5,42
2,Random Forest,0.9602,0.9448,0.8995,0.8728,0.9356,0.9031,Electricity,interaction_informational,Interaction informational,5,42
2,MLP,0.9613,0.9478,0.9005,0.8834,0.9231,0.9028,Electricity,interaction_informational,Interaction informational,5,42
3,Logistic Regression,0.9417,0.9221,0.8922,0.8356,0.977,0.9008,Electricity,interaction_informational,Interaction informational,5,42
3,Random Forest,0.9575,0.9379,0.9015,0.8862,0.9216,0.9036,Electricity,interaction_informational,Interaction informational,5,42
3,MLP,0.9577,0.9479,0.8948,0.8763,0.9196,0.8974,Electricity,interaction_informational,Interaction informational,5,42
4,Logistic Regression,0.9397,0.9149,0.8782,0.8549,0.9116,0.8823,Electricity,interaction_informational,Interaction informational,5,42
4,Random Forest,0.961,0.9471,0.8998,0.8851,0.9191,0.9018,Electricity,interaction_informational,Interaction informational,5,42
4,MLP,0.9533,0.939,0.8888,0.876,0.9061,0.8908,Electricity,interaction_informational,Interaction informational,5,42
5,Logistic Regression,0.9311,0.9143,0.8637,0.839,0.9006,0.8687,Electricity,interaction_informational,Interaction informational,5,42
5,Random Forest,0.9582,0.9459,0.8965,0.8814,0.9166,0.8986,Electricity,interaction_informational,Interaction informational,5,42
5,MLP,0.9584,0.9508,0.8902,0.8792,0.9051,0.892,Electricity,interaction_informational,Interaction informational,5,42
1,Logistic Regression,0.9376,0.9053,0.8813,0.8387,0.9446,0.8885,Electricity,base,Base,5,42
1,Random Forest,0.9662,0.9544,0.9065,0.884,0.9361,0.9093,Electricity,base,Base,5,42
1,MLP,0.953,0.9358,0.8953,0.8786,0.9176,0.8977,Electricity,base,Base,5,42
2,Logistic Regression,0.9458,0.9351,0.8785,0.8319,0.9491,0.8867,Electricity,base,Base,5,42
2,Random Forest,0.964,0.9544,0.9015,0.8675,0.9481,0.906,Electricity,base,Base,5,42
2,MLP,0.9548,0.945,0.8855,0.8656,0.9131,0.8887,Electricity,base,Base,5,42
3,Logistic Regression,0.9454,0.9282,0.8898,0.8323,0.9765,0.8987,Electricity,base,Base,5,42
3,Random Forest,0.9597,0.9461,0.8978,0.8673,0.9396,0.902,Electricity,base,Base,5,42
3,MLP,0.9561,0.9413,0.8875,0.8689,0.9131,0.8905,Electricity,base,Base,5,42
4,Logistic Regression,0.9425,0.919,0.8822,0.8435,0.9391,0.8887,Electricity,base,Base,5,42
4,Random Forest,0.9684,0.9618,0.9107,0.8867,0.9421,0.9136,Electricity,base,Base,5,42
4,MLP,0.9608,0.9506,0.8968,0.8928,0.9021,0.8974,Electricity,base,Base,5,42
5,Logistic Regression,0.934,0.9087,0.877,0.8347,0.9406,0.8845,Electricity,base,Base,5,42
5,Random Forest,0.9687,0.961,0.9107,0.8831,0.9471,0.914,Electricity,base,Base,5,42
5,MLP,0.9574,0.9466,0.899,0.8744,0.9321,0.9023,Electricity,base,Base,5,42
1,Logistic Regression,0.9181,0.8282,0.8185,0.6599,0.909,0.7647,Income,all,all,36,42
1,Random Forest,0.9124,0.7975,0.8266,0.6869,0.8554,0.7619,Income,all,all,36,42
1,MLP,0.9043,0.7997,0.8112,0.6664,0.837,0.742,Income,all,all,36,42
2,Logistic Regression,0.9153,0.8169,0.8172,0.6571,0.9126,0.7641,Income,all,all,36,42
2,Random Forest,0.9115,0.7967,0.8243,0.6856,0.8467,0.7577,Income,all,all,36,42
2,MLP,0.9015,0.7911,0.8178,0.679,0.8314,0.7475,Income,all,all,36,42
3,Logistic Regression,0.9181,0.8208,0.8193,0.6598,0.9141,0.7664,Income,all,all,36,42
3,Random Forest,0.9156,0.8062,0.8322,0.6912,0.8722,0.7712,Income,all,all,36,42
3,MLP,0.9045,0.7932,0.8224,0.6925,0.8139,0.7483,Income,all,all,36,42
4,Logistic Regression,0.9169,0.8243,0.8186,0.6579,0.9182,0.7665,Income,all,all,36,42
4,Random Forest,0.9153,0.816,0.8231,0.6825,0.8497,0.757,Income,all,all,36,42
4,MLP,0.9031,0.8,0.8152,0.6787,0.8165,0.7412,Income,all,all,36,42
5,Logistic Regression,0.9184,0.8238,0.8188,0.6581,0.9182,0.7667,Income,all,all,36,42
5,Random Forest,0.9108,0.7929,0.8264,0.6847,0.8615,0.763,Income,all,all,36,42
5,MLP,0.9044,0.795,0.8155,0.6808,0.8113,0.7404,Income,all,all,36,42
1,Logistic Regression,0.8948,0.7928,0.7865,0.6174,0.8988,0.732,Income,point_based,Point-based,8,42
1,Random Forest,0.8925,0.7665,0.7983,0.6496,0.8212,0.7253,Income,point_based,Point-based,8,42
1,MLP,0.8879,0.7702,0.7963,0.6423,0.8396,0.7278,Income,point_based,Point-based,8,42
2,Logistic Regression,0.8909,0.7795,0.7786,0.6073,0.8983,0.7246,Income,point_based,Point-based,8,42
2,Random Forest,0.8972,0.7802,0.8084,0.6663,0.8201,0.7352,Income,point_based,Point-based,8,42
2,MLP,0.8891,0.7657,0.8019,0.6621,0.7951,0.7225,Income,point_based,Point-based,8,42
3,Logistic Regression,0.8949,0.7842,0.7883,0.6187,0.9049,0.7349,Income,point_based,Point-based,8,42
3,Random Forest,0.8938,0.7741,0.8035,0.6544,0.8354,0.7339,Income,point_based,Point-based,8,42
3,MLP,0.8906,0.7682,0.8045,0.6762,0.7623,0.7167,Income,point_based,Point-based,8,42
4,Logistic Regression,0.8937,0.7854,0.7853,0.6163,0.8957,0.7302,Income,point_based,Point-based,8,42
4,Random Forest,0.8943,0.7849,0.7992,0.6522,0.816,0.725,Income,point_based,Point-based,8,42
4,MLP,0.8867,0.7683,0.8004,0.6655,0.773,0.7152,Income,point_based,Point-based,8,42
5,Logistic Regression,0.8912,0.7784,0.7712,0.5982,0.8967,0.7177,Income,point_based,Point-based,8,42
5,Random Forest,0.8908,0.7661,0.7981,0.6455,0.8369,0.7289,Income,point_based,Point-based,8,42
5,MLP,0.8824,0.7594,0.7926,0.6444,0.8042,0.7155,Income,point_based,Point-based,8,42
1,Logistic Regression,0.9157,0.8278,0.8139,0.6512,0.9177,0.7618,Income,marginal_statistical,Marginal statistical,7,42
1,Random Forest,0.9086,0.7916,0.8245,0.6887,0.8375,0.7558,Income,marginal_statistical,Marginal statistical,7,42
1,MLP,0.9019,0.796,0.8172,0.691,0.7895,0.7369,Income,marginal_statistical,Marginal statistical,7,42
2,Logistic Regression,0.9166,0.818,0.8147,0.6501,0.9285,0.7647,Income,marginal_statistical,Marginal statistical,7,42
2,Random Forest,0.8993,0.758,0.8207,0.6839,0.8314,0.7505,Income,marginal_statistical,Marginal statistical,7,42
2,MLP,0.893,0.7638,0.8051,0.6582,0.8304,0.7343,Income,marginal_statistical,Marginal statistical,7,42
3,Logistic Regression,0.9136,0.8132,0.816,0.6539,0.9187,0.764,Income,marginal_statistical,Marginal statistical,7,42
3,Random Forest,0.9071,0.7778,0.8268,0.6891,0.8487,0.7606,Income,marginal_statistical,Marginal statistical,7,42
3,MLP,0.9003,0.7873,0.8123,0.6805,0.794,0.7329,Income,marginal_statistical,Marginal statistical,7,42
4,Logistic Regression,0.9163,0.8125,0.818,0.6569,0.9182,0.7659,Income,marginal_statistical,Marginal statistical,7,42
4,Random Forest,0.903,0.7658,0.8216,0.6849,0.8333,0.7518,Income,marginal_statistical,Marginal statistical,7,42
4,MLP,0.8964,0.7715,0.811,0.6771,0.7975,0.7324,Income,marginal_statistical,Marginal statistical,7,42
5,Logistic Regression,0.9251,0.8423,0.8211,0.6627,0.9131,0.768,Income,marginal_statistical,Marginal statistical,7,42
5,Random Forest,0.9024,0.7714,0.8193,0.6795,0.8379,0.7505,Income,marginal_statistical,Marginal statistical,7,42
5,MLP,0.9019,0.7861,0.8137,0.6815,0.7986,0.7354,Income,marginal_statistical,Marginal statistical,7,42
1,Logistic Regression,0.9096,0.8138,0.8057,0.6393,0.9203,0.7545,Income,marginal_informational,Marginal informational,5,42
1,Random Forest,0.9087,0.7917,0.8245,0.6887,0.8375,0.7558,Income,marginal_informational,Marginal informational,5,42
1,MLP,0.9049,0.8041,0.819,0.6953,0.7869,0.7383,Income,marginal_informational,Marginal informational,5,42
2,Logistic Regression,0.9042,0.7997,0.7918,0.6205,0.9223,0.7419,Income,marginal_informational,Marginal informational,5,42
2,Random Forest,0.8979,0.7557,0.8195,0.6825,0.8293,0.7488,Income,marginal_informational,Marginal informational,5,42
2,MLP,0.8939,0.77,0.8079,0.6807,0.768,0.7217,Income,marginal_informational,Marginal informational,5,42
3,Logistic Regression,0.9046,0.7897,0.8002,0.6302,0.9289,0.751,Income,marginal_informational,Marginal informational,5,42
3,Random Forest,0.906,0.7763,0.8258,0.6866,0.8512,0.7601,Income,marginal_informational,Marginal informational,5,42
3,MLP,0.9026,0.79,0.8193,0.7008,0.7725,0.7349,Income,marginal_informational,Marginal informational,5,42
4,Logistic Regression,0.9102,0.7985,0.8087,0.6428,0.9228,0.7578,Income,marginal_informational,Marginal informational,5,42
4,Random Forest,0.9017,0.7628,0.8203,0.6835,0.8303,0.7498,Income,marginal_informational,Marginal informational,5,42
4,MLP,0.8987,0.7828,0.813,0.6885,0.773,0.7283,Income,marginal_informational,Marginal informational,5,42
5,Logistic Regression,0.9121,0.811,0.8035,0.6365,0.9192,0.7521,Income,marginal_informational,Marginal informational,5,42
5,Random Forest,0.9043,0.7728,0.8221,0.6833,0.8415,0.7542,Income,marginal_informational,Marginal informational,5,42
5,MLP,0.9039,0.7931,0.8161,0.685,0.8016,0.7388,Income,marginal_informational,Marginal informational,5,42
1,Logistic Regression,0.9145,0.8227,0.813,0.6514,0.9111,0.7597,Income,interaction_statistical,Interaction statistical,6,42
1,Random Forest,0.9112,0.7963,0.8208,0.682,0.8385,0.7522,Income,interaction_statistical,Interaction statistical,6,42
1,MLP,0.9043,0.8034,0.8168,0.6972,0.7695,0.7316,Income,interaction_statistical,Interaction statistical,6,42
2,Logistic Regression,0.9195,0.8286,0.8153,0.6511,0.928,0.7653,Income,interaction_statistical,Interaction statistical,6,42
2,Random Forest,0.9115,0.7979,0.8208,0.684,0.8319,0.7507,Income,interaction_statistical,Interaction statistical,6,42
2,MLP,0.9013,0.7905,0.816,0.6895,0.7874,0.7352,Income,interaction_statistical,Interaction statistical,6,42
3,Logistic Regression,0.915,0.819,0.809,0.6423,0.9279,0.7591,Income,interaction_statistical,Interaction statistical,6,42
3,Random Forest,0.9133,0.8019,0.8251,0.6876,0.8441,0.7579,Income,interaction_statistical,Interaction statistical,6,42
3,MLP,0.9063,0.7993,0.8185,0.6886,0.8037,0.7417,Income,interaction_statistical,Interaction statistical,6,42
4,Logistic Regression,0.9187,0.8252,0.818,0.6582,0.9126,0.7648,Income,interaction_statistical,Interaction statistical,6,42
4,Random Forest,0.9145,0.8096,0.8239,0.6873,0.8384,0.7554,Income,interaction_statistical,Interaction statistical,6,42
4,MLP,0.8971,0.7839,0.8059,0.6562,0.843,0.738,Income,interaction_statistical,Interaction statistical,6,42
5,Logistic Regression,0.9178,0.8222,0.8127,0.6518,0.9064,0.7583,Income,interaction_statistical,Interaction statistical,6,42
5,Random Forest,0.9106,0.7881,0.8278,0.6877,0.8589,0.7638,Income,interaction_statistical,Interaction statistical,6,42
5,MLP,0.9014,0.7868,0.8127,0.6832,0.7873,0.7316,Income,interaction_statistical,Interaction statistical,6,42
1,Logistic Regression,0.9213,0.8363,0.8248,0.6667,0.9198,0.773,Income,interaction_informational,Interaction informational,5,42
1,Random Forest,0.9081,0.7909,0.826,0.6929,0.8324,0.7563,Income,interaction_informational,Interaction informational,5,42
1,MLP,0.9015,0.7919,0.8165,0.6851,0.8038,0.7397,Income,interaction_informational,Interaction informational,5,42
2,Logistic Regression,0.9136,0.8129,0.8178,0.6573,0.9162,0.7654,Income,interaction_informational,Interaction informational,5,42
2,Random Forest,0.8984,0.7541,0.8178,0.6812,0.8242,0.7459,Income,interaction_informational,Interaction informational,5,42
2,MLP,0.892,0.7554,0.8084,0.6886,0.7471,0.7167,Income,interaction_informational,Interaction informational,5,42
3,Logistic Regression,0.9143,0.8145,0.8185,0.6572,0.9202,0.7668,Income,interaction_informational,Interaction informational,5,42
3,Random Forest,0.9064,0.7769,0.8264,0.688,0.8502,0.7606,Income,interaction_informational,Interaction informational,5,42
3,MLP,0.8961,0.7661,0.8095,0.6807,0.7771,0.7257,Income,interaction_informational,Interaction informational,5,42
4,Logistic Regression,0.9172,0.8113,0.8198,0.6597,0.9177,0.7676,Income,interaction_informational,Interaction informational,5,42
4,Random Forest,0.9016,0.7614,0.8183,0.6817,0.8246,0.7464,Income,interaction_informational,Interaction informational,5,42
4,MLP,0.8961,0.7733,0.8102,0.6758,0.797,0.7314,Income,interaction_informational,Interaction informational,5,42
5,Logistic Regression,0.9238,0.8386,0.8266,0.6686,0.9223,0.7752,Income,interaction_informational,Interaction informational,5,42
5,Random Forest,0.9019,0.7672,0.8186,0.6787,0.8369,0.7495,Income,interaction_informational,Interaction informational,5,42
5,MLP,0.9021,0.79,0.814,0.6811,0.8016,0.7365,Income,interaction_informational,Interaction informational,5,42
1,Logistic Regression,0.906,0.8097,0.7928,0.6226,0.9172,0.7417,Income,base,Base,5,42
1,Random Forest,0.9081,0.7939,0.82,0.6811,0.837,0.751,Income,base,Base,5,42
1,MLP,0.9072,0.8102,0.8197,0.6935,0.7956,0.7411,Income,base,Base,5,42
2,Logistic Regression,0.9097,0.8056,0.8023,0.6352,0.9172,0.7506,Income,base,Base,5,42
2,Random Forest,0.9038,0.7778,0.817,0.6791,0.8263,0.7455,Income,base,Base,5,42
2,MLP,0.8977,0.7864,0.8072,0.6692,0.8022,0.7297,Income,base,Base,5,42
3,Logistic Regression,0.9111,0.8117,0.8035,0.635,0.9269,0.7537,Income,base,Base,5,42
3,Random Forest,0.9092,0.7843,0.8233,0.685,0.8425,0.7556,Income,base,Base,5,42
3,MLP,0.9037,0.7979,0.8142,0.6749,0.8236,0.7419,Income,base,Base,5,42
4,Logistic Regression,0.9079,0.8041,0.8001,0.6303,0.9274,0.7505,Income,base,Base,5,42
4,Random Forest,0.9045,0.7769,0.8213,0.6857,0.8287,0.7505,Income,base,Base,5,42
4,MLP,0.8958,0.7828,0.8035,0.6633,0.8006,0.7255,Income,base,Base,5,42
5,Logistic Regression,0.9091,0.8145,0.7926,0.6212,0.9238,0.7429,Income,base,Base,5,42
5,Random Forest,0.9025,0.7738,0.8173,0.6744,0.8441,0.7498,Income,base,Base,5,42
5,MLP,0.8977,0.7809,0.8065,0.6707,0.7924,0.7265,Income,base,Base,5,42
1,Logistic Regression,0.7862,0.8485,0.637,0.6033,0.7999,0.6878,MVx6,all,all,36,42
1,Random Forest,0.7852,0.8472,0.7247,0.7553,0.6647,0.7071,MVx6,all,all,36,42
1,MLP,0.778,0.8363,0.6573,0.6297,0.7638,0.6903,MVx6,all,all,36,42
2,Logistic Regression,0.7776,0.8442,0.6294,0.598,0.7898,0.6806,MVx6,all,all,36,42
2,Random Forest,0.7835,0.8465,0.7208,0.7486,0.6647,0.7042,MVx6,all,all,36,42
2,MLP,0.7703,0.8312,0.6517,0.6222,0.7724,0.6892,MVx6,all,all,36,42
3,Logistic Regression,0.7875,0.8493,0.6327,0.5972,0.8156,0.6895,MVx6,all,all,36,42
3,Random Forest,0.792,0.8515,0.7206,0.7376,0.6848,0.7103,MVx6,all,all,36,42
3,MLP,0.778,0.8327,0.6458,0.6136,0.7878,0.6899,MVx6,all,all,36,42
4,Logistic Regression,0.7834,0.8484,0.625,0.5918,0.8057,0.6824,MVx6,all,all,36,42
4,Random Forest,0.7853,0.8486,0.7123,0.7271,0.6797,0.7026,MVx6,all,all,36,42
4,MLP,0.77,0.8321,0.6302,0.5992,0.7866,0.6802,MVx6,all,all,36,42
5,Logistic Regression,0.7887,0.8508,0.6325,0.5975,0.8116,0.6883,MVx6,all,all,36,42
5,Random Forest,0.7942,0.8538,0.725,0.7428,0.6882,0.7145,MVx6,all,all,36,42
5,MLP,0.7791,0.8363,0.651,0.6211,0.7743,0.6893,MVx6,all,all,36,42
1,Logistic Regression,0.7856,0.8482,0.6392,0.6063,0.7942,0.6876,MVx6,point_based,Point-based,8,42
1,Random Forest,0.7855,0.8471,0.7163,0.7344,0.6777,0.7049,MVx6,point_based,Point-based,8,42
1,MLP,0.7729,0.8252,0.6248,0.5916,0.8065,0.6825,MVx6,point_based,Point-based,8,42
2,Logistic Regression,0.7767,0.8436,0.6326,0.6021,0.7819,0.6803,MVx6,point_based,Point-based,8,42
2,Random Forest,0.7847,0.8467,0.7057,0.7169,0.6797,0.6978,MVx6,point_based,Point-based,8,42
2,MLP,0.7671,0.8226,0.6218,0.5899,0.7989,0.6787,MVx6,point_based,Point-based,8,42
3,Logistic Regression,0.7877,0.8503,0.6318,0.5976,0.8075,0.6868,MVx6,point_based,Point-based,8,42
3,Random Forest,0.7927,0.8524,0.7096,0.7141,0.699,0.7065,MVx6,point_based,Point-based,8,42
3,MLP,0.7772,0.8265,0.6269,0.5927,0.8119,0.6852,MVx6,point_based,Point-based,8,42
4,Logistic Regression,0.7827,0.8479,0.6283,0.5953,0.8011,0.683,MVx6,point_based,Point-based,8,42
4,Random Forest,0.7814,0.8464,0.6982,0.7017,0.6895,0.6955,MVx6,point_based,Point-based,8,42
4,MLP,0.7694,0.8292,0.6299,0.5993,0.7837,0.6792,MVx6,point_based,Point-based,8,42
5,Logistic Regression,0.7891,0.8507,0.6358,0.6008,0.8094,0.6897,MVx6,point_based,Point-based,8,42
5,Random Forest,0.7925,0.8522,0.7145,0.7203,0.7014,0.7108,MVx6,point_based,Point-based,8,42
5,MLP,0.7744,0.8291,0.632,0.5993,0.7966,0.684,MVx6,point_based,Point-based,8,42
1,Logistic Regression,0.7933,0.8537,0.7812,0.9783,0.5752,0.7244,MVx6,marginal_statistical,Marginal statistical,7,42
1,Random Forest,0.7859,0.8477,0.762,0.8721,0.6139,0.7206,MVx6,marginal_statistical,Marginal statistical,7,42
1,MLP,0.7809,0.8413,0.703,0.7099,0.6865,0.698,MVx6,marginal_statistical,Marginal statistical,7,42
2,Logistic Regression,0.7937,0.8526,0.7824,0.9788,0.5774,0.7263,MVx6,marginal_statistical,Marginal statistical,7,42
2,Random Forest,0.7907,0.8505,0.7582,0.8638,0.613,0.7171,MVx6,marginal_statistical,Marginal statistical,7,42
2,MLP,0.7775,0.8403,0.6831,0.6762,0.7027,0.6892,MVx6,marginal_statistical,Marginal statistical,7,42
3,Logistic Regression,0.7993,0.8577,0.787,0.9815,0.585,0.7331,MVx6,marginal_statistical,Marginal statistical,7,42
3,Random Forest,0.79,0.8513,0.7627,0.8688,0.6188,0.7228,MVx6,marginal_statistical,Marginal statistical,7,42
3,MLP,0.7865,0.8473,0.7057,0.7112,0.6927,0.7018,MVx6,marginal_statistical,Marginal statistical,7,42
4,Logistic Regression,0.8014,0.8595,0.7864,0.9803,0.5845,0.7323,MVx6,marginal_statistical,Marginal statistical,7,42
4,Random Forest,0.7869,0.8492,0.7586,0.8625,0.6154,0.7183,MVx6,marginal_statistical,Marginal statistical,7,42
4,MLP,0.7799,0.8428,0.6892,0.6818,0.7096,0.6954,MVx6,marginal_statistical,Marginal statistical,7,42
5,Logistic Regression,0.8013,0.8578,0.7861,0.9767,0.5861,0.7326,MVx6,marginal_statistical,Marginal statistical,7,42
5,Random Forest,0.7909,0.8504,0.756,0.8546,0.617,0.7166,MVx6,marginal_statistical,Marginal statistical,7,42
5,MLP,0.7812,0.8428,0.6765,0.659,0.7316,0.6934,MVx6,marginal_statistical,Marginal statistical,7,42
1,Logistic Regression,0.7939,0.854,0.7816,0.9791,0.5754,0.7249,MVx6,marginal_informational,Marginal informational,5,42
1,Random Forest,0.7832,0.8461,0.7552,0.8516,0.6181,0.7163,MVx6,marginal_informational,Marginal informational,5,42
1,MLP,0.78,0.8404,0.7041,0.7121,0.6851,0.6983,MVx6,marginal_informational,Marginal informational,5,42
2,Logistic Regression,0.794,0.8533,0.7828,0.9808,0.5769,0.7265,MVx6,marginal_informational,Marginal informational,5,42
2,Random Forest,0.7894,0.8489,0.7542,0.8556,0.6117,0.7134,MVx6,marginal_informational,Marginal informational,5,42
2,MLP,0.7792,0.8428,0.6963,0.6974,0.6936,0.6955,MVx6,marginal_informational,Marginal informational,5,42
3,Logistic Regression,0.8016,0.8588,0.7871,0.9819,0.585,0.7332,MVx6,marginal_informational,Marginal informational,5,42
3,Random Forest,0.7931,0.8528,0.7578,0.8499,0.6262,0.7211,MVx6,marginal_informational,Marginal informational,5,42
3,MLP,0.7781,0.8397,0.7071,0.72,0.6779,0.6983,MVx6,marginal_informational,Marginal informational,5,42
4,Logistic Regression,0.8021,0.8595,0.7864,0.9803,0.5845,0.7323,MVx6,marginal_informational,Marginal informational,5,42
4,Random Forest,0.7852,0.8483,0.7563,0.855,0.6174,0.717,MVx6,marginal_informational,Marginal informational,5,42
4,MLP,0.7787,0.8389,0.7006,0.7047,0.6907,0.6976,MVx6,marginal_informational,Marginal informational,5,42
5,Logistic Regression,0.8038,0.8596,0.7866,0.9775,0.5866,0.7332,MVx6,marginal_informational,Marginal informational,5,42
5,Random Forest,0.7899,0.8503,0.7567,0.8492,0.6244,0.7196,MVx6,marginal_informational,Marginal informational,5,42
5,MLP,0.7819,0.8444,0.699,0.7023,0.6906,0.6964,MVx6,marginal_informational,Marginal informational,5,42
1,Logistic Regression,0.7934,0.8544,0.7818,0.9784,0.5764,0.7254,MVx6,interaction_statistical,Interaction statistical,6,42
1,Random Forest,0.792,0.8513,0.7752,0.94,0.5879,0.7234,MVx6,interaction_statistical,Interaction statistical,6,42
1,MLP,0.7869,0.8457,0.709,0.7167,0.6912,0.7037,MVx6,interaction_statistical,Interaction statistical,6,42
2,Logistic Regression,0.7938,0.8539,0.7826,0.9792,0.5774,0.7264,MVx6,interaction_statistical,Interaction statistical,6,42
2,Random Forest,0.7968,0.8536,0.7764,0.9444,0.5874,0.7243,MVx6,interaction_statistical,Interaction statistical,6,42
2,MLP,0.7879,0.8483,0.7144,0.7262,0.6883,0.7067,MVx6,interaction_statistical,Interaction statistical,6,42
3,Logistic Regression,0.8027,0.8593,0.7869,0.9811,0.585,0.7329,MVx6,interaction_statistical,Interaction statistical,6,42
3,Random Forest,0.7935,0.8535,0.7817,0.9492,0.5953,0.7317,MVx6,interaction_statistical,Interaction statistical,6,42
3,MLP,0.7907,0.85,0.714,0.7198,0.7008,0.7102,MVx6,interaction_statistical,Interaction statistical,6,42
4,Logistic Regression,0.7984,0.8584,0.7865,0.9807,0.5845,0.7324,MVx6,interaction_statistical,Interaction statistical,6,42
4,Random Forest,0.7879,0.8502,0.7811,0.9452,0.5968,0.7316,MVx6,interaction_statistical,Interaction statistical,6,42
4,MLP,0.786,0.8474,0.7134,0.7249,0.6878,0.7059,MVx6,interaction_statistical,Interaction statistical,6,42
5,Logistic Regression,0.8008,0.8589,0.7858,0.9747,0.5868,0.7326,MVx6,interaction_statistical,Interaction statistical,6,42
5,Random Forest,0.7997,0.8549,0.7776,0.937,0.5952,0.728,MVx6,interaction_statistical,Interaction statistical,6,42
5,MLP,0.7831,0.8423,0.6887,0.6835,0.7026,0.693,MVx6,interaction_statistical,Interaction statistical,6,42
1,Logistic Regression,0.7916,0.8509,0.7817,0.9791,0.5757,0.7251,MVx6,interaction_informational,Interaction informational,5,42
1,Random Forest,0.7844,0.846,0.7559,0.8582,0.6132,0.7153,MVx6,interaction_informational,Interaction informational,5,42
1,MLP,0.7764,0.8398,0.7019,0.7111,0.6799,0.6952,MVx6,interaction_informational,Interaction informational,5,42
2,Logistic Regression,0.7925,0.8528,0.7826,0.9788,0.5776,0.7265,MVx6,interaction_informational,Interaction informational,5,42
2,Random Forest,0.7927,0.8514,0.7561,0.8625,0.6093,0.7141,MVx6,interaction_informational,Interaction informational,5,42
2,MLP,0.7755,0.8405,0.6936,0.6962,0.687,0.6916,MVx6,interaction_informational,Interaction informational,5,42
3,Logistic Regression,0.8026,0.8589,0.7871,0.9823,0.5847,0.7331,MVx6,interaction_informational,Interaction informational,5,42
3,Random Forest,0.795,0.8538,0.7622,0.8624,0.624,0.7241,MVx6,interaction_informational,Interaction informational,5,42
3,MLP,0.7826,0.8445,0.7049,0.708,0.6976,0.7027,MVx6,interaction_informational,Interaction informational,5,42
4,Logistic Regression,0.8003,0.8576,0.7864,0.9803,0.5845,0.7323,MVx6,interaction_informational,Interaction informational,5,42
4,Random Forest,0.7886,0.8508,0.7621,0.8691,0.6171,0.7217,MVx6,interaction_informational,Interaction informational,5,42
4,MLP,0.7879,0.8477,0.7152,0.7235,0.6968,0.7099,MVx6,interaction_informational,Interaction informational,5,42
5,Logistic Regression,0.8021,0.8583,0.7858,0.9763,0.5859,0.7323,MVx6,interaction_informational,Interaction informational,5,42
5,Random Forest,0.7928,0.8516,0.7543,0.8477,0.62,0.7162,MVx6,interaction_informational,Interaction informational,5,42
5,MLP,0.7908,0.85,0.718,0.7351,0.6816,0.7073,MVx6,interaction_informational,Interaction informational,5,42
1,Logistic Regression,0.7957,0.8537,0.7805,0.9739,0.5764,0.7242,MVx6,base,Base,5,42
1,Random Forest,0.7839,0.8425,0.7201,0.7518,0.6573,0.7014,MVx6,base,Base,5,42
1,MLP,0.78,0.8413,0.7054,0.7187,0.675,0.6962,MVx6,base,Base,5,42
2,Logistic Regression,0.7866,0.847,0.7762,0.9497,0.5833,0.7227,MVx6,base,Base,5,42
2,Random Forest,0.7826,0.8425,0.7254,0.7711,0.6412,0.7001,MVx6,base,Base,5,42
2,MLP,0.7804,0.8398,0.6988,0.698,0.7008,0.6994,MVx6,base,Base,5,42
3,Logistic Regression,0.7931,0.8553,0.786,0.9705,0.5899,0.7338,MVx6,base,Base,5,42
3,Random Forest,0.7895,0.8473,0.7304,0.7659,0.6637,0.7112,MVx6,base,Base,5,42
3,MLP,0.7822,0.8441,0.699,0.6979,0.702,0.6999,MVx6,base,Base,5,42
4,Logistic Regression,0.7981,0.8582,0.7866,0.9811,0.5845,0.7326,MVx6,base,Base,5,42
4,Random Forest,0.7885,0.8476,0.7286,0.763,0.6632,0.7096,MVx6,base,Base,5,42
4,MLP,0.7831,0.8483,0.7227,0.749,0.6699,0.7072,MVx6,base,Base,5,42
5,Logistic Regression,0.7946,0.8545,0.7862,0.9759,0.5868,0.733,MVx6,base,Base,5,42
5,Random Forest,0.7865,0.8467,0.7307,0.7705,0.6573,0.7094,MVx6,base,Base,5,42
5,MLP,0.7874,0.8483,0.7083,0.7175,0.6872,0.702,MVx6,base,Base,5,42
1,Logistic Regression,0.992,0.9911,0.9566,0.9452,0.9695,0.9572,California,all,all,36,42
1,Random Forest,0.9949,0.9944,0.9644,0.9619,0.9671,0.9645,California,all,all,36,42
1,MLP,0.9919,0.9919,0.9535,0.9522,0.9549,0.9536,California,all,all,36,42
2,Logistic Regression,0.9915,0.9916,0.9523,0.9368,0.97,0.9531,California,all,all,36,42
2,Random Forest,0.994,0.9939,0.96,0.9481,0.9734,0.9606,California,all,all,36,42
2,MLP,0.9921,0.9921,0.9559,0.9472,0.9656,0.9563,California,all,all,36,42
3,Logistic Regression,0.9883,0.9883,0.9406,0.9159,0.9704,0.9424,California,all,all,36,42
3,Random Forest,0.9925,0.9924,0.952,0.9288,0.9792,0.9533,California,all,all,36,42
3,MLP,0.9899,0.9902,0.9421,0.923,0.9646,0.9434,California,all,all,36,42
4,Logistic Regression,0.99,0.9901,0.9455,0.9319,0.9612,0.9463,California,all,all,36,42
4,Random Forest,0.993,0.9923,0.9544,0.9445,0.9656,0.955,California,all,all,36,42
4,MLP,0.9897,0.9887,0.9469,0.9353,0.9603,0.9476,California,all,all,36,42
5,Logistic Regression,0.9883,0.9835,0.9476,0.9234,0.9762,0.9491,California,all,all,36,42
5,Random Forest,0.9937,0.9923,0.9549,0.9347,0.9782,0.9559,California,all,all,36,42
5,MLP,0.99,0.989,0.9506,0.9321,0.9719,0.9516,California,all,all,36,42
1,Logistic Regression,0.988,0.9859,0.9491,0.9373,0.9627,0.9498,California,point_based,Point-based,8,42
1,Random Forest,0.9933,0.9925,0.9617,0.9599,0.9637,0.9618,California,point_based,Point-based,8,42
1,MLP,0.9816,0.9739,0.9365,0.9133,0.9646,0.9383,California,point_based,Point-based,8,42
2,Logistic Regression,0.9884,0.9887,0.9423,0.9211,0.9675,0.9438,California,point_based,Point-based,8,42
2,Random Forest,0.9931,0.9934,0.9559,0.9485,0.9641,0.9563,California,point_based,Point-based,8,42
2,MLP,0.9859,0.9833,0.9399,0.9192,0.9646,0.9414,California,point_based,Point-based,8,42
3,Logistic Regression,0.9834,0.981,0.9334,0.9038,0.97,0.9357,California,point_based,Point-based,8,42
3,Random Forest,0.9917,0.9917,0.9472,0.9277,0.97,0.9484,California,point_based,Point-based,8,42
3,MLP,0.9825,0.9782,0.9285,0.9019,0.9617,0.9308,California,point_based,Point-based,8,42
4,Logistic Regression,0.9856,0.9847,0.9368,0.9126,0.9661,0.9386,California,point_based,Point-based,8,42
4,Random Forest,0.9914,0.9908,0.9515,0.9455,0.9583,0.9519,California,point_based,Point-based,8,42
4,MLP,0.9813,0.9758,0.9329,0.9135,0.9564,0.9344,California,point_based,Point-based,8,42
5,Logistic Regression,0.9865,0.9815,0.945,0.9173,0.9782,0.9468,California,point_based,Point-based,8,42
5,Random Forest,0.993,0.9921,0.9549,0.9355,0.9772,0.9559,California,point_based,Point-based,8,42
5,MLP,0.9827,0.9768,0.937,0.9037,0.9782,0.9395,California,point_based,Point-based,8,42
1,Logistic Regression,0.9871,0.9801,0.9603,0.9537,0.9675,0.9606,California,marginal_statistical,Marginal statistical,7,42
1,Random Forest,0.988,0.9808,0.962,0.96,0.9641,0.962,California,marginal_statistical,Marginal statistical,7,42
1,MLP,0.9813,0.9706,0.9406,0.9514,0.9288,0.9399,California,marginal_statistical,Marginal statistical,7,42
2,Logistic Regression,0.9699,0.9556,0.9532,0.9216,0.9908,0.9549,California,marginal_statistical,Marginal statistical,7,42
2,Random Forest,0.9706,0.9538,0.9513,0.9228,0.985,0.9529,California,marginal_statistical,Marginal statistical,7,42
2,MLP,0.9623,0.9379,0.9174,0.9221,0.9118,0.9169,California,marginal_statistical,Marginal statistical,7,42
3,Logistic Regression,0.9556,0.9308,0.937,0.8932,0.9927,0.9403,California,marginal_statistical,Marginal statistical,7,42
3,Random Forest,0.9555,0.9291,0.9346,0.8938,0.9864,0.9378,California,marginal_statistical,Marginal statistical,7,42
3,MLP,0.947,0.9171,0.9079,0.8942,0.9254,0.9095,California,marginal_statistical,Marginal statistical,7,42
4,Logistic Regression,0.9687,0.9512,0.945,0.907,0.9918,0.9475,California,marginal_statistical,Marginal statistical,7,42
4,Random Forest,0.9654,0.9452,0.9414,0.9078,0.9826,0.9437,California,marginal_statistical,Marginal statistical,7,42
4,MLP,0.9588,0.9352,0.9191,0.9073,0.9336,0.9202,California,marginal_statistical,Marginal statistical,7,42
5,Logistic Regression,0.9647,0.9452,0.9469,0.9094,0.9927,0.9492,California,marginal_statistical,Marginal statistical,7,42
5,Random Forest,0.9642,0.9411,0.9445,0.9094,0.9874,0.9468,California,marginal_statistical,Marginal statistical,7,42
5,MLP,0.9582,0.9346,0.9159,0.9086,0.9249,0.9166,California,marginal_statistical,Marginal statistical,7,42
1,Logistic Regression,0.9873,0.9799,0.9576,0.9543,0.9612,0.9578,California,marginal_informational,Marginal informational,5,42
1,Random Forest,0.987,0.9786,0.961,0.9594,0.9627,0.9611,California,marginal_informational,Marginal informational,5,42
1,MLP,0.9803,0.9707,0.9477,0.9472,0.9482,0.9477,California,marginal_informational,Marginal informational,5,42
2,Logistic Regression,0.971,0.9544,0.953,0.9216,0.9903,0.9547,California,marginal_informational,Marginal informational,5,42
2,Random Forest,0.9695,0.9503,0.9496,0.923,0.9811,0.9512,California,marginal_informational,Marginal informational,5,42
2,MLP,0.9641,0.9414,0.9266,0.9219,0.9322,0.927,California,marginal_informational,Marginal informational,5,42
3,Logistic Regression,0.955,0.9293,0.9368,0.8932,0.9922,0.9401,California,marginal_informational,Marginal informational,5,42
3,Random Forest,0.9537,0.9262,0.9334,0.8946,0.9826,0.9365,California,marginal_informational,Marginal informational,5,42
3,MLP,0.9455,0.9054,0.9053,0.8907,0.9239,0.907,California,marginal_informational,Marginal informational,5,42
4,Logistic Regression,0.9673,0.948,0.9445,0.9065,0.9913,0.947,California,marginal_informational,Marginal informational,5,42
4,Random Forest,0.963,0.9409,0.9426,0.9095,0.983,0.9448,California,marginal_informational,Marginal informational,5,42
4,MLP,0.9587,0.9281,0.9305,0.8979,0.9714,0.9332,California,marginal_informational,Marginal informational,5,42
5,Logistic Regression,0.9657,0.9448,0.9472,0.9098,0.9927,0.9495,California,marginal_informational,Marginal informational,5,42
5,Random Forest,0.9645,0.9396,0.9452,0.9102,0.9879,0.9475,California,marginal_informational,Marginal informational,5,42
5,MLP,0.9587,0.9284,0.9263,0.9085,0.9481,0.9279,California,marginal_informational,Marginal informational,5,42
1,Logistic Regression,0.9928,0.9916,0.9566,0.9613,0.9516,0.9564,California,interaction_statistical,Interaction statistical,6,42
1,Random Forest,0.9939,0.9925,0.9654,0.9656,0.9651,0.9654,California,interaction_statistical,Interaction statistical,6,42
1,MLP,0.9895,0.9886,0.9438,0.9521,0.9346,0.9433,California,interaction_statistical,Interaction statistical,6,42
2,Logistic Regression,0.9862,0.9816,0.9564,0.9341,0.9821,0.9575,California,interaction_statistical,Interaction statistical,6,42
2,Random Forest,0.9914,0.9893,0.9578,0.9399,0.9782,0.9587,California,interaction_statistical,Interaction statistical,6,42
2,MLP,0.9871,0.9856,0.9479,0.9421,0.9545,0.9483,California,interaction_statistical,Interaction statistical,6,42
3,Logistic Regression,0.9712,0.9466,0.9319,0.8926,0.9821,0.9352,California,interaction_statistical,Interaction statistical,6,42
3,Random Forest,0.9849,0.98,0.9452,0.9196,0.9758,0.9469,California,interaction_statistical,Interaction statistical,6,42
3,MLP,0.9797,0.9706,0.9331,0.9174,0.952,0.9344,California,interaction_statistical,Interaction statistical,6,42
4,Logistic Regression,0.9856,0.9812,0.9496,0.9207,0.984,0.9513,California,interaction_statistical,Interaction statistical,6,42
4,Random Forest,0.9891,0.9857,0.9503,0.9337,0.9695,0.9513,California,interaction_statistical,Interaction statistical,6,42
4,MLP,0.9844,0.9812,0.9336,0.9448,0.921,0.9328,California,interaction_statistical,Interaction statistical,6,42
5,Logistic Regression,0.9782,0.9564,0.9464,0.913,0.9869,0.9485,California,interaction_statistical,Interaction statistical,6,42
5,Random Forest,0.9899,0.9869,0.9537,0.929,0.9825,0.955,California,interaction_statistical,Interaction statistical,6,42
5,MLP,0.9811,0.9723,0.9389,0.9343,0.9443,0.9392,California,interaction_statistical,Interaction statistical,6,42
1,Logistic Regression,0.987,0.9796,0.9571,0.9517,0.9632,0.9574,California,interaction_informational,Interaction informational,5,42
1,Random Forest,0.9881,0.9812,0.9607,0.9577,0.9641,0.9609,California,interaction_informational,Interaction informational,5,42
1,MLP,0.9794,0.9689,0.9479,0.9473,0.9486,0.948,California,interaction_informational,Interaction informational,5,42
2,Logistic Regression,0.9705,0.955,0.9528,0.9215,0.9898,0.9544,California,interaction_informational,Interaction informational,5,42
2,Random Forest,0.9704,0.9523,0.9503,0.9227,0.983,0.9519,California,interaction_informational,Interaction informational,5,42
2,MLP,0.9639,0.9416,0.9251,0.9266,0.9234,0.925,California,interaction_informational,Interaction informational,5,42
3,Logistic Regression,0.9558,0.9301,0.9355,0.8922,0.9908,0.9389,California,interaction_informational,Interaction informational,5,42
3,Random Forest,0.9545,0.9278,0.9355,0.896,0.9855,0.9386,California,interaction_informational,Interaction informational,5,42
3,MLP,0.95,0.9179,0.9188,0.8957,0.9482,0.9212,California,interaction_informational,Interaction informational,5,42
4,Logistic Regression,0.9666,0.9516,0.9435,0.9056,0.9903,0.9461,California,interaction_informational,Interaction informational,5,42
4,Random Forest,0.9652,0.9438,0.9416,0.9078,0.983,0.9439,California,interaction_informational,Interaction informational,5,42
4,MLP,0.9598,0.9325,0.9198,0.907,0.9356,0.9211,California,interaction_informational,Interaction informational,5,42
5,Logistic Regression,0.9643,0.9412,0.9469,0.9094,0.9927,0.9492,California,interaction_informational,Interaction informational,5,42
5,Random Forest,0.9656,0.9442,0.9462,0.9115,0.9884,0.9484,California,interaction_informational,Interaction informational,5,42
5,MLP,0.9592,0.9388,0.9217,0.9085,0.938,0.923,California,interaction_informational,Interaction informational,5,42
1,Logistic Regression,0.992,0.9905,0.9549,0.9554,0.9545,0.9549,California,base,Base,5,42
1,Random Forest,0.9919,0.9884,0.961,0.9644,0.9574,0.9609,California,base,Base,5,42
1,MLP,0.9888,0.9882,0.9518,0.9542,0.9491,0.9517,California,base,Base,5,42
2,Logistic Regression,0.984,0.981,0.9397,0.9188,0.9646,0.9411,California,base,Base,5,42
2,Random Forest,0.988,0.9835,0.96,0.9502,0.9709,0.9605,California,base,Base,5,42
2,MLP,0.9829,0.9771,0.9433,0.9408,0.9462,0.9435,California,base,Base,5,42
3,Logistic Regression,0.962,0.9409,0.9225,0.8939,0.9588,0.9252,California,base,Base,5,42
3,Random Forest,0.9786,0.9662,0.9457,0.9348,0.9583,0.9464,California,base,Base,5,42
3,MLP,0.9733,0.9612,0.9288,0.9239,0.9346,0.9292,California,base,Base,5,42
4,Logistic Regression,0.9807,0.9666,0.9426,0.9251,0.9632,0.9437,California,base,Base,5,42
4,Random Forest,0.9853,0.9805,0.9491,0.9393,0.9603,0.9497,California,base,Base,5,42
4,MLP,0.9821,0.9742,0.9428,0.9377,0.9486,0.9432,California,base,Base,5,42
5,Logistic Regression,0.9841,0.977,0.9484,0.9212,0.9806,0.95,California,base,Base,5,42
5,Random Forest,0.9869,0.9815,0.9542,0.9366,0.9743,0.9551,California,base,Base,5,42
5,MLP,0.9793,0.9665,0.9397,0.9356,0.9443,0.9399,California,base,Base,5,42
1,Logistic Regression,1.0,1.0,1.0,1.0,1.0,1.0,ACS Accidents,all,all,36,42
1,Random Forest,1.0,1.0,1.0,1.0,1.0,1.0,ACS Accidents,all,all,36,42
1,MLP,1.0,1.0,1.0,1.0,1.0,1.0,ACS Accidents,all,all,36,42
2,Logistic Regression,1.0,1.0,0.9998,0.9987,1.0,0.9994,ACS Accidents,all,all,36,42
2,Random Forest,1.0,1.0,1.0,1.0,1.0,1.0,ACS Accidents,all,all,36,42
2,MLP,1.0,1.0,1.0,1.0,1.0,1.0,ACS Accidents,all,all,36,42
3,Logistic Regression,1.0,1.0,1.0,1.0,1.0,1.0,ACS Accidents,all,all,36,42
3,Random Forest,1.0,1.0,1.0,1.0,1.0,1.0,ACS Accidents,all,all,36,42
3,MLP,0.9987,0.9989,0.9998,1.0,0.9987,0.9994,ACS Accidents,all,all,36,42
4,Logistic Regression,1.0,1.0,0.9998,0.9987,1.0,0.9994,ACS Accidents,all,all,36,42
4,Random Forest,1.0,1.0,1.0,1.0,1.0,1.0,ACS Accidents,all,all,36,42
4,MLP,0.9962,0.9968,0.9994,1.0,0.9962,0.9981,ACS Accidents,all,all,36,42
5,Logistic Regression,1.0,1.0,1.0,1.0,1.0,1.0,ACS Accidents,all,all,36,42
5,Random Forest,1.0,1.0,1.0,1.0,1.0,1.0,ACS Accidents,all,all,36,42
5,MLP,1.0,1.0,1.0,1.0,1.0,1.0,ACS Accidents,all,all,36,42
1,Logistic Regression,1.0,1.0,1.0,1.0,1.0,1.0,ACS Accidents,point_based,Point-based,8,42
1,Random Forest,1.0,1.0,1.0,1.0,1.0,1.0,ACS Accidents,point_based,Point-based,8,42
1,MLP,1.0,1.0,1.0,1.0,1.0,1.0,ACS Accidents,point_based,Point-based,8,42
2,Logistic Regression,1.0,1.0,1.0,1.0,1.0,1.0,ACS Accidents,point_based,Point-based,8,42
2,Random Forest,1.0,1.0,1.0,1.0,1.0,1.0,ACS Accidents,point_based,Point-based,8,42
2,MLP,1.0,1.0,1.0,1.0,1.0,1.0,ACS Accidents,point_based,Point-based,8,42
3,Logistic Regression,1.0,1.0,1.0,1.0,1.0,1.0,ACS Accidents,point_based,Point-based,8,42
3,Random Forest,1.0,1.0,1.0,1.0,1.0,1.0,ACS Accidents,point_based,Point-based,8,42
3,MLP,0.9987,0.9989,0.9998,1.0,0.9987,0.9994,ACS Accidents,point_based,Point-based,8,42
4,Logistic Regression,1.0,1.0,1.0,1.0,1.0,1.0,ACS Accidents,point_based,Point-based,8,42
4,Random Forest,1.0,1.0,1.0,1.0,1.0,1.0,ACS Accidents,point_based,Point-based,8,42
4,MLP,0.9962,0.9968,0.9994,1.0,0.9962,0.9981,ACS Accidents,point_based,Point-based,8,42
5,Logistic Regression,0.9987,0.9989,0.9996,0.9987,0.9987,0.9987,ACS Accidents,point_based,Point-based,8,42
5,Random Forest,1.0,1.0,1.0,1.0,1.0,1.0,ACS Accidents,point_based,Point-based,8,42
5,MLP,1.0,1.0,1.0,1.0,1.0,1.0,ACS Accidents,point_based,Point-based,8,42
1,Logistic Regression,0.9683,0.8625,0.9049,0.6258,0.8963,0.737,ACS Accidents,marginal_statistical,Marginal statistical,7,42
1,Random Forest,0.9756,0.903,0.944,0.8336,0.7788,0.8052,ACS Accidents,marginal_statistical,Marginal statistical,7,42
1,MLP,0.9772,0.9144,0.9506,0.8259,0.8458,0.8357,ACS Accidents,marginal_statistical,Marginal statistical,7,42
2,Logistic Regression,0.9652,0.8536,0.894,0.5936,0.9102,0.7186,ACS Accidents,marginal_statistical,Marginal statistical,7,42
2,Random Forest,0.9704,0.8746,0.9378,0.7979,0.7788,0.7882,ACS Accidents,marginal_statistical,Marginal statistical,7,42
2,MLP,0.9781,0.9118,0.9434,0.7829,0.8571,0.8183,ACS Accidents,marginal_statistical,Marginal statistical,7,42
3,Logistic Regression,0.9628,0.8489,0.8867,0.5752,0.909,0.7046,ACS Accidents,marginal_statistical,Marginal statistical,7,42
3,Random Forest,0.9674,0.8674,0.9356,0.82,0.7257,0.77,ACS Accidents,marginal_statistical,Marginal statistical,7,42
3,MLP,0.9711,0.8866,0.9371,0.7721,0.818,0.7944,ACS Accidents,marginal_statistical,Marginal statistical,7,42
4,Logistic Regression,0.9631,0.8467,0.8878,0.5775,0.914,0.7078,ACS Accidents,marginal_statistical,Marginal statistical,7,42
4,Random Forest,0.9748,0.892,0.947,0.838,0.7977,0.8174,ACS Accidents,marginal_statistical,Marginal statistical,7,42
4,MLP,0.975,0.9009,0.9446,0.8047,0.8281,0.8162,ACS Accidents,marginal_statistical,Marginal statistical,7,42
5,Logistic Regression,0.956,0.7987,0.8636,0.5236,0.9128,0.6654,ACS Accidents,marginal_statistical,Marginal statistical,7,42
5,Random Forest,0.9703,0.874,0.9404,0.8015,0.7965,0.799,ACS Accidents,marginal_statistical,Marginal statistical,7,42
5,MLP,0.966,0.8688,0.9301,0.7351,0.8281,0.7788,ACS Accidents,marginal_statistical,Marginal statistical,7,42
1,Logistic Regression,0.9568,0.7879,0.8914,0.5905,0.8786,0.7063,ACS Accidents,marginal_informational,Marginal informational,5,42
1,Random Forest,0.9753,0.9035,0.947,0.855,0.775,0.813,ACS Accidents,marginal_informational,Marginal informational,5,42
1,MLP,0.9728,0.894,0.9425,0.8012,0.8154,0.8083,ACS Accidents,marginal_informational,Marginal informational,5,42
2,Logistic Regression,0.9466,0.7896,0.8623,0.5214,0.8938,0.6586,ACS Accidents,marginal_informational,Marginal informational,5,42
2,Random Forest,0.9694,0.8735,0.9384,0.7995,0.7813,0.7903,ACS Accidents,marginal_informational,Marginal informational,5,42
2,MLP,0.9707,0.8966,0.9389,0.7709,0.8382,0.8031,ACS Accidents,marginal_informational,Marginal informational,5,42
3,Logistic Regression,0.927,0.7307,0.8427,0.4834,0.8458,0.6152,ACS Accidents,marginal_informational,Marginal informational,5,42
3,Random Forest,0.9692,0.8706,0.9387,0.8243,0.7472,0.7838,ACS Accidents,marginal_informational,Marginal informational,5,42
3,MLP,0.9569,0.8459,0.926,0.7448,0.7636,0.7541,ACS Accidents,marginal_informational,Marginal informational,5,42
4,Logistic Regression,0.9405,0.7559,0.8534,0.504,0.8736,0.6392,ACS Accidents,marginal_informational,Marginal informational,5,42
4,Random Forest,0.9768,0.8964,0.9472,0.8418,0.7939,0.8172,ACS Accidents,marginal_informational,Marginal informational,5,42
4,MLP,0.9657,0.8701,0.9338,0.7661,0.799,0.7822,ACS Accidents,marginal_informational,Marginal informational,5,42
5,Logistic Regression,0.9465,0.7693,0.8485,0.4948,0.8963,0.6376,ACS Accidents,marginal_informational,Marginal informational,5,42
5,Random Forest,0.9714,0.8791,0.9414,0.799,0.8091,0.804,ACS Accidents,marginal_informational,Marginal informational,5,42
5,MLP,0.962,0.8596,0.9267,0.7276,0.8104,0.7667,ACS Accidents,marginal_informational,Marginal informational,5,42
1,Logistic Regression,0.9882,0.9328,0.956,0.7998,0.9393,0.864,ACS Accidents,interaction_statistical,Interaction statistical,6,42
1,Random Forest,0.9988,0.9934,0.9872,0.9653,0.9482,0.9566,ACS Accidents,interaction_statistical,Interaction statistical,6,42
1,MLP,0.9971,0.9877,0.9865,0.9444,0.9659,0.955,ACS Accidents,interaction_statistical,Interaction statistical,6,42
2,Logistic Regression,0.9939,0.9592,0.9797,0.8921,0.9823,0.935,ACS Accidents,interaction_statistical,Interaction statistical,6,42
2,Random Forest,0.9995,0.9966,0.9932,0.9713,0.9836,0.9774,ACS Accidents,interaction_statistical,Interaction statistical,6,42
2,MLP,0.999,0.9946,0.99,0.9578,0.976,0.9668,ACS Accidents,interaction_statistical,Interaction statistical,6,42
3,Logistic Regression,0.9874,0.9182,0.9677,0.8375,0.9709,0.8993,ACS Accidents,interaction_statistical,Interaction statistical,6,42
3,Random Forest,0.9993,0.9961,0.9902,0.9695,0.9646,0.967,ACS Accidents,interaction_statistical,Interaction statistical,6,42
3,MLP,0.9967,0.9852,0.9868,0.9402,0.9735,0.9565,ACS Accidents,interaction_statistical,Interaction statistical,6,42
4,Logistic Regression,0.9896,0.9406,0.9714,0.8594,0.9659,0.9095,ACS Accidents,interaction_statistical,Interaction statistical,6,42
4,Random Forest,0.9993,0.9961,0.9915,0.977,0.9659,0.9714,ACS Accidents,interaction_statistical,Interaction statistical,6,42
4,MLP,0.9952,0.9823,0.9861,0.9555,0.9507,0.9531,ACS Accidents,interaction_statistical,Interaction statistical,6,42
5,Logistic Regression,0.9921,0.9509,0.9679,0.8399,0.9684,0.8996,ACS Accidents,interaction_statistical,Interaction statistical,6,42
5,Random Forest,0.9993,0.9959,0.9915,0.9686,0.9747,0.9716,ACS Accidents,interaction_statistical,Interaction statistical,6,42
5,MLP,0.998,0.9859,0.9902,0.9613,0.9735,0.9673,ACS Accidents,interaction_statistical,Interaction statistical,6,42
1,Logistic Regression,0.9583,0.8406,0.8884,0.5822,0.8824,0.7015,ACS Accidents,interaction_informational,Interaction informational,5,42
1,Random Forest,0.9751,0.903,0.9483,0.8761,0.7598,0.8138,ACS Accidents,interaction_informational,Interaction informational,5,42
1,MLP,0.9698,0.8906,0.9384,0.7827,0.8104,0.7963,ACS Accidents,interaction_informational,Interaction informational,5,42
2,Logistic Regression,0.9485,0.7951,0.8645,0.5262,0.8875,0.6607,ACS Accidents,interaction_informational,Interaction informational,5,42
2,Random Forest,0.9718,0.8849,0.9412,0.8096,0.7901,0.7997,ACS Accidents,interaction_informational,Interaction informational,5,42
2,MLP,0.9709,0.8903,0.9356,0.766,0.8154,0.79,ACS Accidents,interaction_informational,Interaction informational,5,42
3,Logistic Regression,0.9478,0.7967,0.8595,0.5157,0.8925,0.6537,ACS Accidents,interaction_informational,Interaction informational,5,42
3,Random Forest,0.9672,0.8636,0.9378,0.8258,0.737,0.7789,ACS Accidents,interaction_informational,Interaction informational,5,42
3,MLP,0.9489,0.8079,0.9087,0.6624,0.7863,0.7191,ACS Accidents,interaction_informational,Interaction informational,5,42
4,Logistic Regression,0.9475,0.789,0.8647,0.5264,0.8963,0.6632,ACS Accidents,interaction_informational,Interaction informational,5,42
4,Random Forest,0.9754,0.8906,0.947,0.8353,0.8015,0.8181,ACS Accidents,interaction_informational,Interaction informational,5,42
4,MLP,0.9596,0.8342,0.9216,0.7082,0.804,0.7531,ACS Accidents,interaction_informational,Interaction informational,5,42
5,Logistic Regression,0.9394,0.738,0.8406,0.4809,0.9064,0.6284,ACS Accidents,interaction_informational,Interaction informational,5,42
5,Random Forest,0.9691,0.8667,0.9399,0.8078,0.7813,0.7943,ACS Accidents,interaction_informational,Interaction informational,5,42
5,MLP,0.9608,0.8393,0.9239,0.7159,0.8091,0.7596,ACS Accidents,interaction_informational,Interaction informational,5,42
1,Logistic Regression,0.989,0.9329,0.9542,0.7782,0.9671,0.8625,ACS Accidents,base,Base,5,42
1,Random Forest,0.9979,0.988,0.9835,0.9444,0.9444,0.9444,ACS Accidents,base,Base,5,42
1,MLP,0.9974,0.9869,0.9823,0.9204,0.9646,0.942,ACS Accidents,base,Base,5,42
2,Logistic Regression,0.9896,0.9476,0.9639,0.8196,0.9709,0.8889,ACS Accidents,base,Base,5,42
2,Random Forest,0.9984,0.991,0.9857,0.9661,0.9368,0.9512,ACS Accidents,base,Base,5,42
2,MLP,0.9986,0.9936,0.9889,0.9552,0.9709,0.963,ACS Accidents,base,Base,5,42
3,Logistic Regression,0.9776,0.8848,0.9356,0.7209,0.9241,0.81,ACS Accidents,base,Base,5,42
3,Random Forest,0.9964,0.9806,0.978,0.9298,0.9216,0.9257,ACS Accidents,base,Base,5,42
3,MLP,0.9977,0.9864,0.9838,0.9315,0.9621,0.9465,ACS Accidents,base,Base,5,42
4,Logistic Regression,0.964,0.8397,0.904,0.6205,0.9115,0.7384,ACS Accidents,base,Base,5,42
4,Random Forest,0.9975,0.9867,0.9821,0.9372,0.9431,0.9401,ACS Accidents,base,Base,5,42
4,MLP,0.9972,0.9895,0.9853,0.9507,0.9507,0.9507,ACS Accidents,base,Base,5,42
5,Logistic Regression,0.9875,0.9239,0.9519,0.7699,0.9646,0.8563,ACS Accidents,base,Base,5,42
5,Random Forest,0.9986,0.9916,0.9853,0.9507,0.9507,0.9507,ACS Accidents,base,Base,5,42
5,MLP,0.999,0.9949,0.9887,0.9574,0.9671,0.9623,ACS Accidents,base,Base,5,42
