fold,model,roc_auc,pr_auc,accuracy,precision,recall,f1,dataset,representation,seed
1,Logistic Regression,0.4874,0.5178,0.49,0.4899,0.485,0.4874,Taxi,raw,42
1,Random Forest,0.9999,0.9999,0.9975,0.9955,0.9995,0.9975,Taxi,raw,42
1,MLP,0.8672,0.8811,0.7792,0.8001,0.7445,0.7713,Taxi,raw,42
2,Logistic Regression,0.4953,0.5002,0.4965,0.4966,0.5125,0.5044,Taxi,raw,42
2,Random Forest,1.0,1.0,0.9985,0.997,1.0,0.9985,Taxi,raw,42
2,MLP,0.8888,0.9043,0.805,0.8297,0.7675,0.7974,Taxi,raw,42
3,Logistic Regression,0.5013,0.4952,0.5028,0.5026,0.535,0.5183,Taxi,raw,42
3,Random Forest,0.9999,0.9999,0.9948,0.993,0.9965,0.9948,Taxi,raw,42
3,MLP,0.9277,0.933,0.8485,0.8538,0.841,0.8474,Taxi,raw,42
4,Logistic Regression,0.5021,0.5044,0.507,0.507,0.5105,0.5087,Taxi,raw,42
4,Random Forest,0.9999,0.9999,0.9968,0.994,0.9995,0.9968,Taxi,raw,42
4,MLP,0.9544,0.9592,0.88,0.8866,0.8715,0.879,Taxi,raw,42
5,Logistic Regression,0.4855,0.5137,0.4818,0.4826,0.506,0.494,Taxi,raw,42
5,Random Forest,1.0,1.0,0.9972,0.9945,1.0,0.9973,Taxi,raw,42
5,MLP,0.9393,0.9472,0.8555,0.8523,0.86,0.8561,Taxi,raw,42
1,Logistic Regression,0.9989,0.9976,0.9952,0.995,0.9955,0.9953,Taxi,meta,42
1,Random Forest,0.9969,0.9968,0.9812,0.9883,0.974,0.9811,Taxi,meta,42
1,MLP,0.9987,0.9975,0.9885,0.988,0.989,0.9885,Taxi,meta,42
2,Logistic Regression,0.9964,0.9944,0.9868,0.9803,0.9935,0.9868,Taxi,meta,42
2,Random Forest,0.9937,0.9935,0.9745,0.9774,0.9715,0.9744,Taxi,meta,42
2,MLP,0.996,0.9959,0.9575,0.9316,0.9875,0.9587,Taxi,meta,42
3,Logistic Regression,0.9979,0.9975,0.9918,0.9881,0.9955,0.9918,Taxi,meta,42
3,Random Forest,0.9958,0.9952,0.976,0.9803,0.9715,0.9759,Taxi,meta,42
3,MLP,0.9981,0.9976,0.9838,0.9778,0.99,0.9839,Taxi,meta,42
4,Logistic Regression,0.9973,0.9957,0.9938,0.9891,0.9985,0.9938,Taxi,meta,42
4,Random Forest,0.9959,0.9943,0.984,0.9816,0.9865,0.984,Taxi,meta,42
4,MLP,0.9967,0.9937,0.9868,0.9793,0.9945,0.9869,Taxi,meta,42
5,Logistic Regression,0.9996,0.9996,0.992,0.9896,0.9945,0.992,Taxi,meta,42
5,Random Forest,0.9962,0.9968,0.977,0.9813,0.9725,0.9769,Taxi,meta,42
5,MLP,0.9982,0.9983,0.974,0.9575,0.992,0.9745,Taxi,meta,42
1,Logistic Regression,0.9989,0.9975,0.9952,0.9945,0.996,0.9953,Taxi,meta_raw,42
1,Random Forest,0.9979,0.9977,0.9858,0.9914,0.98,0.9857,Taxi,meta_raw,42
1,MLP,0.9987,0.9974,0.9882,0.9865,0.99,0.9883,Taxi,meta_raw,42
2,Logistic Regression,0.9963,0.9944,0.9868,0.9803,0.9935,0.9868,Taxi,meta_raw,42
2,Random Forest,0.9964,0.9959,0.9818,0.9874,0.976,0.9816,Taxi,meta_raw,42
2,MLP,0.9955,0.995,0.9792,0.9776,0.981,0.9793,Taxi,meta_raw,42
3,Logistic Regression,0.9979,0.9975,0.9925,0.9886,0.9965,0.9925,Taxi,meta_raw,42
3,Random Forest,0.9985,0.9981,0.9855,0.9909,0.98,0.9854,Taxi,meta_raw,42
3,MLP,0.997,0.9973,0.9795,0.9757,0.9835,0.9796,Taxi,meta_raw,42
4,Logistic Regression,0.9973,0.9957,0.9932,0.9881,0.9985,0.9933,Taxi,meta_raw,42
4,Random Forest,0.9978,0.9974,0.9905,0.991,0.99,0.9905,Taxi,meta_raw,42
4,MLP,0.9968,0.9936,0.9888,0.9842,0.9935,0.9888,Taxi,meta_raw,42
5,Logistic Regression,0.9996,0.9996,0.992,0.9896,0.9945,0.992,Taxi,meta_raw,42
5,Random Forest,0.998,0.9983,0.9832,0.9884,0.978,0.9832,Taxi,meta_raw,42
5,MLP,0.9983,0.9984,0.9798,0.9776,0.982,0.9798,Taxi,meta_raw,42
1,Logistic Regression,0.8016,0.7595,0.7243,0.7066,0.7683,0.7362,Electricity,raw,42
1,Random Forest,0.9827,0.9794,0.9323,0.9073,0.9631,0.9344,Electricity,raw,42
1,MLP,0.9767,0.9731,0.9255,0.9058,0.9501,0.9274,Electricity,raw,42
2,Logistic Regression,0.7968,0.7609,0.739,0.7408,0.7364,0.7386,Electricity,raw,42
2,Random Forest,0.9828,0.9793,0.9317,0.9035,0.967,0.9342,Electricity,raw,42
2,MLP,0.9769,0.9725,0.9195,0.911,0.9301,0.9205,Electricity,raw,42
3,Logistic Regression,0.7989,0.7676,0.712,0.6976,0.7499,0.7228,Electricity,raw,42
3,Random Forest,0.9853,0.9831,0.9383,0.9118,0.9705,0.9403,Electricity,raw,42
3,MLP,0.9772,0.9752,0.9197,0.9222,0.9171,0.9196,Electricity,raw,42
4,Logistic Regression,0.7996,0.7698,0.7288,0.7232,0.7424,0.7327,Electricity,raw,42
4,Random Forest,0.9849,0.9821,0.9355,0.9098,0.967,0.9376,Electricity,raw,42
4,MLP,0.9793,0.9738,0.9277,0.9168,0.9411,0.9288,Electricity,raw,42
5,Logistic Regression,0.8185,0.7879,0.7419,0.7254,0.7797,0.7516,Electricity,raw,42
5,Random Forest,0.9842,0.9825,0.9307,0.9025,0.966,0.9332,Electricity,raw,42
5,MLP,0.9781,0.9755,0.92,0.9016,0.9431,0.9219,Electricity,raw,42
1,Logistic Regression,0.9694,0.9611,0.912,0.8824,0.9511,0.9154,Electricity,meta,42
1,Random Forest,0.9765,0.972,0.9163,0.8847,0.9576,0.9197,Electricity,meta,42
1,MLP,0.9715,0.9634,0.9163,0.8938,0.9451,0.9187,Electricity,meta,42
2,Logistic Regression,0.9696,0.9606,0.9127,0.8787,0.9581,0.9166,Electricity,meta,42
2,Random Forest,0.9747,0.968,0.914,0.8789,0.9606,0.9179,Electricity,meta,42
2,MLP,0.969,0.961,0.9167,0.8957,0.9436,0.919,Electricity,meta,42
3,Logistic Regression,0.9723,0.9644,0.9107,0.8796,0.9521,0.9144,Electricity,meta,42
3,Random Forest,0.9779,0.9742,0.917,0.881,0.9646,0.9209,Electricity,meta,42
3,MLP,0.972,0.966,0.9095,0.8772,0.9526,0.9134,Electricity,meta,42
4,Logistic Regression,0.9715,0.961,0.9145,0.8879,0.9491,0.9175,Electricity,meta,42
4,Random Forest,0.9783,0.9743,0.923,0.89,0.9656,0.9262,Electricity,meta,42
4,MLP,0.9727,0.9636,0.9225,0.906,0.9431,0.9242,Electricity,meta,42
5,Logistic Regression,0.9674,0.9633,0.9062,0.8764,0.9461,0.9099,Electricity,meta,42
5,Random Forest,0.9754,0.9715,0.914,0.8813,0.957,0.9176,Electricity,meta,42
5,MLP,0.968,0.9606,0.9142,0.8864,0.9505,0.9173,Electricity,meta,42
1,Logistic Regression,0.971,0.9638,0.914,0.8849,0.9521,0.9173,Electricity,meta_raw,42
1,Random Forest,0.9773,0.973,0.9178,0.8871,0.9576,0.921,Electricity,meta_raw,42
1,MLP,0.9686,0.9611,0.9128,0.903,0.9251,0.9139,Electricity,meta_raw,42
2,Logistic Regression,0.9712,0.9625,0.9157,0.8856,0.9551,0.919,Electricity,meta_raw,42
2,Random Forest,0.9756,0.9697,0.9153,0.8806,0.9611,0.9191,Electricity,meta_raw,42
2,MLP,0.9684,0.9585,0.913,0.8931,0.9386,0.9153,Electricity,meta_raw,42
3,Logistic Regression,0.9727,0.9648,0.9117,0.8805,0.9531,0.9154,Electricity,meta_raw,42
3,Random Forest,0.9793,0.9767,0.9195,0.8836,0.9666,0.9232,Electricity,meta_raw,42
3,MLP,0.9739,0.9693,0.9135,0.887,0.9481,0.9165,Electricity,meta_raw,42
4,Logistic Regression,0.9718,0.9619,0.9147,0.8883,0.9491,0.9177,Electricity,meta_raw,42
4,Random Forest,0.9791,0.9755,0.9235,0.8919,0.9641,0.9266,Electricity,meta_raw,42
4,MLP,0.9708,0.9612,0.9133,0.8977,0.9331,0.9151,Electricity,meta_raw,42
5,Logistic Regression,0.9683,0.9646,0.9062,0.8758,0.9471,0.91,Electricity,meta_raw,42
5,Random Forest,0.9758,0.9722,0.914,0.8827,0.955,0.9175,Electricity,meta_raw,42
5,MLP,0.971,0.9663,0.9087,0.8911,0.9316,0.9109,Electricity,meta_raw,42
1,Logistic Regression,0.8685,0.7582,0.7631,0.6266,0.6679,0.6465,Income,raw,42
1,Random Forest,0.9122,0.7896,0.8278,0.6994,0.8227,0.756,Income,raw,42
1,MLP,0.9022,0.7973,0.8061,0.655,0.8498,0.7398,Income,raw,42
2,Logistic Regression,0.8686,0.7646,0.7674,0.6314,0.6801,0.6549,Income,raw,42
2,Random Forest,0.9152,0.7997,0.8342,0.7065,0.8365,0.766,Income,raw,42
2,MLP,0.9048,0.7916,0.8187,0.69,0.8007,0.7412,Income,raw,42
3,Logistic Regression,0.8713,0.7629,0.7686,0.6307,0.6907,0.6593,Income,raw,42
3,Random Forest,0.9159,0.8012,0.8321,0.7002,0.843,0.765,Income,raw,42
3,MLP,0.9027,0.7781,0.8133,0.7102,0.7168,0.7135,Income,raw,42
4,Logistic Regression,0.8674,0.7522,0.7684,0.6338,0.6769,0.6546,Income,raw,42
4,Random Forest,0.9171,0.8054,0.836,0.7081,0.841,0.7689,Income,raw,42
4,MLP,0.9075,0.8021,0.8173,0.6787,0.8292,0.7464,Income,raw,42
5,Logistic Regression,0.8757,0.7664,0.7735,0.6381,0.6968,0.6662,Income,raw,42
5,Random Forest,0.9116,0.7916,0.8258,0.6918,0.8344,0.7564,Income,raw,42
5,MLP,0.9001,0.7759,0.8113,0.6687,0.8287,0.7402,Income,raw,42
1,Logistic Regression,0.9181,0.8282,0.8185,0.6599,0.909,0.7647,Income,meta,42
1,Random Forest,0.9124,0.7975,0.8266,0.6869,0.8554,0.7619,Income,meta,42
1,MLP,0.9043,0.7997,0.8112,0.6664,0.837,0.742,Income,meta,42
2,Logistic Regression,0.9153,0.8169,0.8172,0.6571,0.9126,0.7641,Income,meta,42
2,Random Forest,0.9115,0.7967,0.8243,0.6856,0.8467,0.7577,Income,meta,42
2,MLP,0.9015,0.7911,0.8178,0.679,0.8314,0.7475,Income,meta,42
3,Logistic Regression,0.9181,0.8208,0.8193,0.6598,0.9141,0.7664,Income,meta,42
3,Random Forest,0.9156,0.8062,0.8322,0.6912,0.8722,0.7712,Income,meta,42
3,MLP,0.9045,0.7932,0.8224,0.6925,0.8139,0.7483,Income,meta,42
4,Logistic Regression,0.9169,0.8243,0.8186,0.6579,0.9182,0.7665,Income,meta,42
4,Random Forest,0.9153,0.816,0.8231,0.6825,0.8497,0.757,Income,meta,42
4,MLP,0.9031,0.8,0.8152,0.6787,0.8165,0.7412,Income,meta,42
5,Logistic Regression,0.9184,0.8238,0.8188,0.6581,0.9182,0.7667,Income,meta,42
5,Random Forest,0.9108,0.7929,0.8264,0.6847,0.8615,0.763,Income,meta,42
5,MLP,0.9044,0.795,0.8155,0.6808,0.8113,0.7404,Income,meta,42
1,Logistic Regression,0.9196,0.8317,0.8185,0.6596,0.9101,0.7649,Income,meta_raw,42
1,Random Forest,0.9134,0.7982,0.8283,0.6897,0.8554,0.7637,Income,meta_raw,42
1,MLP,0.9058,0.8045,0.8167,0.6814,0.8166,0.7429,Income,meta_raw,42
2,Logistic Regression,0.9194,0.8252,0.8221,0.6633,0.9172,0.7699,Income,meta_raw,42
2,Random Forest,0.913,0.8006,0.8289,0.6918,0.8523,0.7637,Income,meta_raw,42
2,MLP,0.9013,0.7889,0.8142,0.6746,0.8252,0.7424,Income,meta_raw,42
3,Logistic Regression,0.9205,0.8237,0.821,0.6619,0.9156,0.7683,Income,meta_raw,42
3,Random Forest,0.917,0.8098,0.8292,0.6879,0.8666,0.767,Income,meta_raw,42
3,MLP,0.9023,0.7893,0.8166,0.6891,0.7919,0.7369,Income,meta_raw,42
4,Logistic Regression,0.9188,0.8257,0.8228,0.6632,0.9213,0.7712,Income,meta_raw,42
4,Random Forest,0.916,0.8146,0.8281,0.6887,0.8574,0.7638,Income,meta_raw,42
4,MLP,0.9022,0.7993,0.8138,0.6725,0.8303,0.7431,Income,meta_raw,42
5,Logistic Regression,0.9198,0.8263,0.8196,0.6586,0.9213,0.7681,Income,meta_raw,42
5,Random Forest,0.9111,0.7965,0.8282,0.6862,0.8666,0.7659,Income,meta_raw,42
5,MLP,0.9008,0.7839,0.8108,0.6682,0.8277,0.7394,Income,meta_raw,42
1,Logistic Regression,0.7983,0.8563,0.7818,0.9808,0.5749,0.7249,MVx6,raw,42
1,Random Forest,0.7907,0.8495,0.7715,0.92,0.5948,0.7225,MVx6,raw,42
1,MLP,0.7814,0.8453,0.7158,0.7419,0.662,0.6997,MVx6,raw,42
2,Logistic Regression,0.8067,0.8613,0.7828,0.9808,0.5769,0.7265,MVx6,raw,42
2,Random Forest,0.7883,0.8491,0.7718,0.9207,0.5948,0.7227,MVx6,raw,42
2,MLP,0.7845,0.8477,0.7009,0.7043,0.6924,0.6983,MVx6,raw,42
3,Logistic Regression,0.808,0.8628,0.7871,0.9819,0.585,0.7332,MVx6,raw,42
3,Random Forest,0.7982,0.8551,0.7772,0.9251,0.6031,0.7302,MVx6,raw,42
3,MLP,0.7813,0.8459,0.7089,0.724,0.675,0.6987,MVx6,raw,42
4,Logistic Regression,0.8052,0.8614,0.787,0.9823,0.5845,0.7329,MVx6,raw,42
4,Random Forest,0.7914,0.8516,0.7745,0.921,0.6004,0.7269,MVx6,raw,42
4,MLP,0.7826,0.8475,0.7226,0.7538,0.661,0.7044,MVx6,raw,42
5,Logistic Regression,0.8091,0.8638,0.7866,0.9787,0.5859,0.733,MVx6,raw,42
5,Random Forest,0.796,0.8543,0.777,0.9225,0.6048,0.7306,MVx6,raw,42
5,MLP,0.7882,0.8505,0.7157,0.7324,0.6796,0.705,MVx6,raw,42
1,Logistic Regression,0.7862,0.8485,0.637,0.6033,0.7999,0.6878,MVx6,meta,42
1,Random Forest,0.7852,0.8472,0.7247,0.7553,0.6647,0.7071,MVx6,meta,42
1,MLP,0.778,0.8363,0.6573,0.6297,0.7638,0.6903,MVx6,meta,42
2,Logistic Regression,0.7776,0.8442,0.6294,0.598,0.7898,0.6806,MVx6,meta,42
2,Random Forest,0.7835,0.8465,0.7208,0.7486,0.6647,0.7042,MVx6,meta,42
2,MLP,0.7703,0.8312,0.6517,0.6222,0.7724,0.6892,MVx6,meta,42
3,Logistic Regression,0.7875,0.8493,0.6327,0.5972,0.8156,0.6895,MVx6,meta,42
3,Random Forest,0.792,0.8515,0.7206,0.7376,0.6848,0.7103,MVx6,meta,42
3,MLP,0.778,0.8327,0.6458,0.6136,0.7878,0.6899,MVx6,meta,42
4,Logistic Regression,0.7834,0.8484,0.625,0.5918,0.8057,0.6824,MVx6,meta,42
4,Random Forest,0.7853,0.8486,0.7123,0.7271,0.6797,0.7026,MVx6,meta,42
4,MLP,0.77,0.8321,0.6302,0.5992,0.7866,0.6802,MVx6,meta,42
5,Logistic Regression,0.7887,0.8508,0.6325,0.5975,0.8116,0.6883,MVx6,meta,42
5,Random Forest,0.7942,0.8538,0.725,0.7428,0.6882,0.7145,MVx6,meta,42
5,MLP,0.7791,0.8363,0.651,0.6211,0.7743,0.6893,MVx6,meta,42
1,Logistic Regression,0.7862,0.8485,0.6363,0.6029,0.7986,0.6871,MVx6,meta_raw,42
1,Random Forest,0.7858,0.8469,0.7246,0.7606,0.6554,0.7041,MVx6,meta_raw,42
1,MLP,0.7791,0.8382,0.6477,0.6178,0.7746,0.6873,MVx6,meta_raw,42
2,Logistic Regression,0.7776,0.8442,0.6302,0.5984,0.792,0.6817,MVx6,meta_raw,42
2,Random Forest,0.7842,0.8471,0.7234,0.7529,0.6652,0.7063,MVx6,meta_raw,42
2,MLP,0.7692,0.8286,0.647,0.6178,0.7709,0.6859,MVx6,meta_raw,42
3,Logistic Regression,0.7874,0.8493,0.6326,0.5972,0.8148,0.6892,MVx6,meta_raw,42
3,Random Forest,0.7936,0.8523,0.7241,0.7428,0.6856,0.713,MVx6,meta_raw,42
3,MLP,0.772,0.8302,0.639,0.6098,0.7719,0.6813,MVx6,meta_raw,42
4,Logistic Regression,0.7833,0.8483,0.6253,0.5921,0.8055,0.6825,MVx6,meta_raw,42
4,Random Forest,0.7841,0.8479,0.7146,0.7332,0.6748,0.7028,MVx6,meta_raw,42
4,MLP,0.7732,0.8327,0.6275,0.5953,0.7969,0.6815,MVx6,meta_raw,42
5,Logistic Regression,0.7887,0.8508,0.6319,0.5971,0.8108,0.6878,MVx6,meta_raw,42
5,Random Forest,0.7927,0.853,0.7263,0.7495,0.6798,0.713,MVx6,meta_raw,42
5,MLP,0.7823,0.8367,0.6429,0.6106,0.7893,0.6885,MVx6,meta_raw,42
1,Logistic Regression,0.9934,0.9932,0.9484,0.9247,0.9763,0.9498,California,raw,42
1,Random Forest,0.9969,0.9967,0.9729,0.9756,0.97,0.9728,California,raw,42
1,MLP,0.9945,0.9944,0.9547,0.9786,0.9297,0.9535,California,raw,42
2,Logistic Regression,0.993,0.9931,0.9501,0.9269,0.9772,0.9514,California,raw,42
2,Random Forest,0.9965,0.9968,0.9738,0.9716,0.9763,0.9739,California,raw,42
2,MLP,0.9944,0.9943,0.9629,0.9614,0.9646,0.963,California,raw,42
3,Logistic Regression,0.9911,0.9914,0.9377,0.9043,0.9792,0.9402,California,raw,42
3,Random Forest,0.996,0.9959,0.9661,0.9598,0.9729,0.9663,California,raw,42
3,MLP,0.9932,0.9931,0.9552,0.9413,0.9709,0.9559,California,raw,42
4,Logistic Regression,0.9924,0.9921,0.9443,0.9146,0.9801,0.9462,California,raw,42
4,Random Forest,0.9958,0.9951,0.9687,0.9703,0.9671,0.9687,California,raw,42
4,MLP,0.9935,0.9934,0.9552,0.9558,0.9545,0.9552,California,raw,42
5,Logistic Regression,0.9924,0.9888,0.9481,0.9189,0.983,0.9499,California,raw,42
5,Random Forest,0.9965,0.9957,0.9714,0.9638,0.9796,0.9716,California,raw,42
5,MLP,0.9932,0.9919,0.9629,0.9475,0.9801,0.9635,California,raw,42
1,Logistic Regression,0.992,0.9911,0.9566,0.9452,0.9695,0.9572,California,meta,42
1,Random Forest,0.9949,0.9944,0.9644,0.9619,0.9671,0.9645,California,meta,42
1,MLP,0.9919,0.9919,0.9535,0.9522,0.9549,0.9536,California,meta,42
2,Logistic Regression,0.9915,0.9916,0.9523,0.9368,0.97,0.9531,California,meta,42
2,Random Forest,0.994,0.9939,0.96,0.9481,0.9734,0.9606,California,meta,42
2,MLP,0.9921,0.9921,0.9559,0.9472,0.9656,0.9563,California,meta,42
3,Logistic Regression,0.9883,0.9883,0.9406,0.9159,0.9704,0.9424,California,meta,42
3,Random Forest,0.9925,0.9924,0.952,0.9288,0.9792,0.9533,California,meta,42
3,MLP,0.9899,0.9902,0.9421,0.923,0.9646,0.9434,California,meta,42
4,Logistic Regression,0.99,0.9901,0.9455,0.9319,0.9612,0.9463,California,meta,42
4,Random Forest,0.993,0.9923,0.9544,0.9445,0.9656,0.955,California,meta,42
4,MLP,0.9897,0.9887,0.9469,0.9353,0.9603,0.9476,California,meta,42
5,Logistic Regression,0.9883,0.9835,0.9476,0.9234,0.9762,0.9491,California,meta,42
5,Random Forest,0.9937,0.9923,0.9549,0.9347,0.9782,0.9559,California,meta,42
5,MLP,0.99,0.989,0.9506,0.9321,0.9719,0.9516,California,meta,42
1,Logistic Regression,0.9924,0.9915,0.9586,0.9484,0.97,0.959,California,meta_raw,42
1,Random Forest,0.9959,0.9958,0.9654,0.9633,0.9675,0.9654,California,meta_raw,42
1,MLP,0.9931,0.993,0.9559,0.9494,0.9632,0.9562,California,meta_raw,42
2,Logistic Regression,0.9924,0.9923,0.9549,0.9408,0.9709,0.9557,California,meta_raw,42
2,Random Forest,0.9951,0.9952,0.9629,0.9526,0.9743,0.9634,California,meta_raw,42
2,MLP,0.9923,0.992,0.9542,0.9466,0.9627,0.9546,California,meta_raw,42
3,Logistic Regression,0.9883,0.9885,0.9406,0.9155,0.9709,0.9424,California,meta_raw,42
3,Random Forest,0.9941,0.9941,0.954,0.9342,0.9767,0.955,California,meta_raw,42
3,MLP,0.9882,0.9876,0.9387,0.9253,0.9545,0.9397,California,meta_raw,42
4,Logistic Regression,0.9906,0.9906,0.946,0.9336,0.9603,0.9467,California,meta_raw,42
4,Random Forest,0.9937,0.9933,0.9566,0.949,0.9651,0.957,California,meta_raw,42
4,MLP,0.9901,0.9891,0.9469,0.9337,0.9622,0.9477,California,meta_raw,42
5,Logistic Regression,0.9888,0.9847,0.9501,0.9253,0.9792,0.9515,California,meta_raw,42
5,Random Forest,0.995,0.9944,0.9588,0.9421,0.9777,0.9596,California,meta_raw,42
5,MLP,0.991,0.9901,0.9501,0.9378,0.9641,0.9508,California,meta_raw,42
1,Logistic Regression,0.4815,0.1469,0.5011,0.1376,0.4475,0.2105,ACS Accidents,raw,42
1,Random Forest,1.0,1.0,1.0,1.0,1.0,1.0,ACS Accidents,raw,42
1,MLP,0.9987,0.997,0.9989,0.9962,0.9962,0.9962,ACS Accidents,raw,42
2,Logistic Regression,0.4508,0.1334,0.4743,0.1296,0.4437,0.2006,ACS Accidents,raw,42
2,Random Forest,1.0,1.0,1.0,1.0,1.0,1.0,ACS Accidents,raw,42
2,MLP,0.9952,0.9954,0.9977,0.9937,0.9912,0.9924,ACS Accidents,raw,42
3,Logistic Regression,0.5104,0.1508,0.5524,0.1593,0.4703,0.238,ACS Accidents,raw,42
3,Random Forest,1.0,1.0,1.0,1.0,1.0,1.0,ACS Accidents,raw,42
3,MLP,0.9991,0.9977,0.9994,0.9987,0.9975,0.9981,ACS Accidents,raw,42
4,Logistic Regression,0.707,0.2854,0.6709,0.2568,0.641,0.3667,ACS Accidents,raw,42
4,Random Forest,1.0,1.0,1.0,1.0,1.0,1.0,ACS Accidents,raw,42
4,MLP,0.9962,0.9967,0.9983,0.9975,0.9912,0.9943,ACS Accidents,raw,42
5,Logistic Regression,0.4636,0.1356,0.4824,0.1388,0.4766,0.2149,ACS Accidents,raw,42
5,Random Forest,1.0,1.0,1.0,1.0,1.0,1.0,ACS Accidents,raw,42
5,MLP,1.0,0.9998,0.9989,0.9962,0.9962,0.9962,ACS Accidents,raw,42
1,Logistic Regression,1.0,1.0,1.0,1.0,1.0,1.0,ACS Accidents,meta,42
1,Random Forest,1.0,1.0,1.0,1.0,1.0,1.0,ACS Accidents,meta,42
1,MLP,1.0,1.0,1.0,1.0,1.0,1.0,ACS Accidents,meta,42
2,Logistic Regression,1.0,1.0,0.9998,0.9987,1.0,0.9994,ACS Accidents,meta,42
2,Random Forest,1.0,1.0,1.0,1.0,1.0,1.0,ACS Accidents,meta,42
2,MLP,1.0,1.0,1.0,1.0,1.0,1.0,ACS Accidents,meta,42
3,Logistic Regression,1.0,1.0,1.0,1.0,1.0,1.0,ACS Accidents,meta,42
3,Random Forest,1.0,1.0,1.0,1.0,1.0,1.0,ACS Accidents,meta,42
3,MLP,0.9987,0.9989,0.9998,1.0,0.9987,0.9994,ACS Accidents,meta,42
4,Logistic Regression,1.0,1.0,0.9998,0.9987,1.0,0.9994,ACS Accidents,meta,42
4,Random Forest,1.0,1.0,1.0,1.0,1.0,1.0,ACS Accidents,meta,42
4,MLP,0.9962,0.9968,0.9994,1.0,0.9962,0.9981,ACS Accidents,meta,42
5,Logistic Regression,1.0,1.0,1.0,1.0,1.0,1.0,ACS Accidents,meta,42
5,Random Forest,1.0,1.0,1.0,1.0,1.0,1.0,ACS Accidents,meta,42
5,MLP,1.0,1.0,1.0,1.0,1.0,1.0,ACS Accidents,meta,42
1,Logistic Regression,1.0,1.0,1.0,1.0,1.0,1.0,ACS Accidents,meta_raw,42
1,Random Forest,1.0,1.0,1.0,1.0,1.0,1.0,ACS Accidents,meta_raw,42
1,MLP,1.0,1.0,1.0,1.0,1.0,1.0,ACS Accidents,meta_raw,42
2,Logistic Regression,1.0,1.0,0.9998,0.9987,1.0,0.9994,ACS Accidents,meta_raw,42
2,Random Forest,1.0,1.0,1.0,1.0,1.0,1.0,ACS Accidents,meta_raw,42
2,MLP,1.0,1.0,1.0,1.0,1.0,1.0,ACS Accidents,meta_raw,42
3,Logistic Regression,1.0,1.0,1.0,1.0,1.0,1.0,ACS Accidents,meta_raw,42
3,Random Forest,1.0,1.0,1.0,1.0,1.0,1.0,ACS Accidents,meta_raw,42
3,MLP,0.9987,0.9989,0.9998,1.0,0.9987,0.9994,ACS Accidents,meta_raw,42
4,Logistic Regression,1.0,1.0,0.9998,0.9987,1.0,0.9994,ACS Accidents,meta_raw,42
4,Random Forest,1.0,1.0,1.0,1.0,1.0,1.0,ACS Accidents,meta_raw,42
4,MLP,1.0,1.0,1.0,1.0,1.0,1.0,ACS Accidents,meta_raw,42
5,Logistic Regression,1.0,1.0,1.0,1.0,1.0,1.0,ACS Accidents,meta_raw,42
5,Random Forest,1.0,1.0,1.0,1.0,1.0,1.0,ACS Accidents,meta_raw,42
5,MLP,1.0,1.0,1.0,1.0,1.0,1.0,ACS Accidents,meta_raw,42
